Y_pos_m,ajuste_izquierdo_mm,ajuste_derecho_mm
2086.936,107389.79862008891,76707.00137991083
2068.661,120182.29840452786,85844.50159547196
2081.913,110905.89858401098,79218.5014159889
2100.1096,98168.27875390768,70120.2012460925
2083.294,109939.19853606977,78528.00146393027
2082.9326,110192.17847460532,78708.70152539446
2080.4236,111948.47853590747,79963.20146409232
2103.574,95743.19868250897,68388.00131749087
2062.7986,124285.9782057019,88775.70179429787
2081.0312,111523.15857332139,79659.40142667864
2091.094,104479.19868326347,74628.00131673638
2066.866,121438.79842779125,86742.00157220865
2106.7498,93520.1388138909,66800.10118610895
2086.0222,108029.45860081409,77163.90139918592
2093.4084,102859.11868069001,73470.80131931009
2090.406,104960.79863052444,74972.00136947552
2090.9497,104580.20859440815,74700.1514055916
2079.493,112599.89832997472,80428.50167002525
2087.662,106881.59865017694,76344.00134982321
2070.4297,118944.20845944181,84960.15154055791
2085.1584,108634.11861019995,77595.80138980018
2065.4873,122403.88834095978,87431.35165904039
2089.5752,105542.35868522532,75387.40131477432
2062.2166,124693.37829800106,89066.70170199858
2092.9773,103160.8886930707,73686.3513069292
2104.9917,94750.80879865772,67679.15120134212
2084.1023,109373.388534359,78123.85146564088
2076.318,114822.39848385676,82016.00151614289
2099.994,98249.19871418888,70178.00128581084
2088.4673,106317.88862359147,75941.35137640868
2105.2217,94589.8087972057,67564.15120279412
2081.4548,111226.63856684779,79447.60143315213
2074.4368,116139.23830840284,82956.6016915971
2094.2039,102302.26868943856,73073.05131056134
2085.3286,108514.97863694595,77510.70136305416
2069.5562,119555.65838810433,85396.90161189558
2100.848,97651.39877995898,69751.00122004095
2081.0396,111517.27854034459,79655.20145965522
2088.6902,106161.8586575473,75829.90134245258
2085.9055,108111.14865248317,77222.2513475169
2092.4993,103495.48866679196,73925.35133320797
2033.9641,144470.1280897052,103192.95191029478
2003.2192,165991.55703218744,118565.40296781244
1970.8655,188639.14691101597,134742.25308898382
1986.8942,177419.05729711556,126727.90270288446
1978.5433,183264.68658817012,130903.35341182971
1942.7695,208306.34687819134,148790.25312180846
1995.3016,171533.87716182688,122524.202838173
2000.9857,167555.00660345293,119682.15339654704
2020.8884,153623.11790580873,109730.80209419108
2088.2305,106483.64863074738,76059.75136925238
2008.3141,162425.12771865306,116017.95228134675
1998.908,169009.3972154978,120721.0027845022
1942.4597,208523.20698118448,148945.15301881527
1992.9373,173188.8870165122,123706.35298348764
1967.7433,190824.68720085477,136303.35279914504
1945.7188,206241.83565912305,147315.60434087677
1967.4484,191031.11688398485,136450.80311601507
1999.1108,168867.43724414846,120619.60275585158
2006.3165,163823.4477137287,117016.75228627131
2095.2598,101563.13869219436,72545.10130780574
2081.148,111441.39857365955,79601.00142634018
2086.0088,108038.83864671281,77170.601353287
2097.0251,100327.42871859671,71662.45128140338
2099.6653,98479.28872762734,70342.35127237238
2060.877,125631.0982825798,89736.50171742012
2069.0444,119913.91846721657,85652.80153278305
2086.431,107743.29858871484,76959.50141128503
2088.1284,106555.11863291792,76110.80136708192
2069.3647,119689.70839427583,85492.65160572395
2030.8297,146664.20757606058,104760.15242393929
2082.0598,110803.13855500561,79145.1014449943
2097.0974,100276.81871930567,71626.3012806941
2081.3044,111331.91856785794,79522.80143214196
2079.0244,112927.91849837714,80662.801501623
2087.3638,107090.33860163763,76493.10139836217
2002.3457,166603.00741593883,119002.152584061
2012.9952,159148.35684719324,113677.40315280658
1995.9382,171088.2571201062,122205.90287989366
2005.6132,164315.75652490964,117368.40347509025
1975.908,185109.39622786245,132221.00377213757
1984.0627,179401.10671337906,128143.65328662095
2005.4828,164407.03680265576,117433.60319734414
2026.5142,149685.0574858685,106917.90251413132
2061.687,125064.0978580873,89331.5021419127
2093.9238,102498.33863712785,73213.10136287204
2027.6069,148920.16765805887,106371.55234194105
2028.8092,148078.55770123244,105770.40229876757
2032.2104,145697.71774792875,104069.80225207125
1996.7972,170486.95716046757,121776.4028395324
1964.8782,192830.2569846343,137735.9030153655
1975.8859,185124.8666680911,132232.0533319088
2007.7368,162829.23734717895,116306.6026528211
2051.0283,132525.1879724529,94660.85202754704
1998.0037,169642.40742329878,121173.15257670119
2072.7524,117318.31839816178,83798.8016018383
2053.6697,130676.20832580658,93340.1516741934
2073.3594,116893.41847965455,83495.30152034556
2093.6494,102690.41870531716,73350.30129468298
2095.2131,101595.82866103681,72568.45133896316
312.53525,1349470.2766248898,963907.42337511
455.60468,1249321.6902192165,892372.6937807839
294.7646,972792.7489717368,1361909.731028263
511.80896,864270.558546046,1209978.6894539539
408.9392,915705.846946425,1281987.1130535752
409.67056,915339.7587899863,1281475.5692100138
367.13345,936608.6566685688,1311251.2033314314
322.5986,958875.8277560223,1342425.8522439776
396.41544,921967.4831971137,1290753.9888028863
414.70618,912821.9966233532,1277950.5873766467
445.66928,897340.5080054076,1256276.3559945917
378.51065,930919.7337300568,1303287.4862699434
432.1901,1265711.716510259,904080.1634897408
411.49554,914427.5319045386,1280197.8200954613
437.22488,1262187.465938737,901562.6780612635
275.06946,982640.2958152442,1375696.352184756
310.73502,1350730.4212437603,964807.5547562398
391.74527,924302.6889323106,1294022.9870676894
358.16507,941092.535468908,1317529.380531092
306.867,966741.5678690304,1353438.0321309697
336.39554,951977.3539106929,1332767.998089307
408.63498,1282200.1649462562,915857.8590537438
387.33704,1297108.718209092,926506.833790908
442.1158,899117.3952163693,1258763.6447836307
367.4693,936440.3895489215,1311016.4504510786
439.82944,900260.3225828883,1260364.3494171114
409.5441,915403.0843699607,1281563.9956300394
406.53757,916906.2844729736,1283668.6315270264
368.0078,936171.1830924831,1310639.4569075168
428.60736,1268219.71393219,905871.4540678095
397.1151,921617.4720090245,1290264.4079909755
399.7847,920282.7279886672,1288395.632011333
364.52017,1313080.751872896,937915.0441271042
428.53113,1268273.1676708027,905909.4763291975
374.06082,933147.3122077973,1306399.7037922028
445.28033,1256548.6410674802,897534.9629325196
338.75925,1331113.3976916717,950795.5023083282
385.7966,1298187.323571955,927276.7564280448
306.02823,1354025.0896698767,967161.0343301233
427.06253,906643.8423694237,1269301.121630576
372.8335,933758.3763879542,1307261.4236120456
328.8092,955770.4707415705,1338078.4892584297
390.54324,924903.4301375119,1294864.681862488
446.9812,896684.4574923051,1255358.102507695
400.4831,919933.4743300783,1287906.8056699215
456.0929,1248979.665398538,892128.8546014621
387.13974,926605.1891602629,1297247.1228397372
340.05252,1330208.1842052555,950148.7917947444
404.39957,917975.4615447458,1285165.054455254
426.3786,1269779.8554957411,906985.824504259
475.63608,882357.1131387309,1235299.5908612693
441.19092,899579.6453490991,1259411.2506509009
504.9049,1214811.2116524675,867722.9083475327
326.98727,956681.8212690112,1339353.4547309887
405.58197,1284337.5246485008,917384.1113514993
415.42868,912460.692660001,1277444.8913399992
425.81598,1270173.562082594,907267.2619174061
402.94678,918701.6953500846,1286182.1686499154
390.88538,924733.2640219773,1294624.279978023
279.939,980205.5417711418,1372287.6582288584
348.1245,1324557.3114311546,946113.2885688454
401.64728,1287090.2931158324,919352.9708841676
462.60782,1244419.4377103732,888871.1782896266
449.13425,1253850.3395316892,895608.5604683105
384.54895,927900.5898457585,1299060.6701542414
423.78934,1271592.3882559547,908280.4037440451
414.22574,913062.268013063,1278286.843986937
408.16043,1282532.3558552973,916095.1281447026
394.62622,922864.9987963301,1292003.53720367
358.16656,1317528.292279334,941091.835720666
412.0539,914148.5492390023,1279806.770760998
357.91965,941216.8379670869,1317699.5820329133
462.57266,888888.7973108755,1244444.0106891247
382.8381,928757.4392453523,1300256.8407546475
380.1408,1302146.2240298365,930104.8159701634
412.23615,1279679.3029769724,914057.3170230277
460.1491,890100.6733692893,1246140.406630711
449.1912,1253811.0268253717,895579.5331746283
353.5945,1320728.7963577313,943377.803642269
373.82986,1306563.9089462662,933260.2590537337
451.38263,1252277.110930878,894483.7330691223
481.99152,879179.5083834946,1230850.6676165054
410.13504,1281150.4172032268,915107.5347967731
467.49557,886427.2659820906,1240998.0500179094
349.8036,1323381.6237255284,945274.0562744717
475.0439,1235712.3615120745,882654.9584879256
400.03876,920155.690131105,1288217.797868895
364.693,1312959.8572591261,937828.5427408738
384.72293,1298938.9298995654,927813.5541004345
388.09848,926125.9195648158,1296575.904435184
455.92422,892213.1769640057,1249097.7590359943
396.89972,921725.3752201617,1290414.9607798383
412.47452,913937.7591037573,1279512.8168962426
407.78824,916281.047318457,1282793.0646815428
385.28857,927530.8565948694,1298542.8594051304
360.15125,940099.817612191,1316138.682387809
443.47433,1257812.8495447068,898437.9544552934
372.83676,933756.7018199449,1307259.1861800551
420.58423,909883.7007406983,1273835.2232593019
385.19293,1298609.87506304,927578.6089369601
395.13104,1291653.170934659,922609.5810653411
449.9839,1253256.142484099,895183.1775159014
413.5276,913411.2518431623,1278775.6281568375
316.38602,961982.0505414781,1346774.7254585219
403.51678,1285782.9573096302,918416.9066903696
346.42392,946963.0787177965,1325748.2172822037
423.78564,908282.312769382,1271594.919230618
389.29688,925526.6925270194,1295737.0514729805
361.1632,1315430.6857566996,939593.4742433004
385.2566,927547.0228536093,1298565.0571463907
446.00888,897170.8527643234,1256038.4912356767
352.2966,944026.7532311463,1321637.3267688537
473.32532,883512.3849696621,1236917.231030338
333.76398,1334610.1138212564,953293.1101787437
403.29642,918526.8945380113,1285937.401461989
506.13104,1213952.7961561487,867109.9558438514
402.95178,918699.1456535045,1286178.7183464954
482.65796,1230384.2957079546,878846.1522920451
484.73087,877809.6305931979,1228933.325406802
391.60678,924371.6647598947,1294120.1992401052
438.7596,900795.297672571,1261113.182327429
416.04797,912151.3493949771,1277011.086605023
437.19995,901575.3577798015,1262204.7022201987
452.7408,893804.6874671082,1251326.3525328918
416.65448,1276586.672259374,911847.9517406259
399.80795,920271.0726216708,1288379.3873783292
497.04675,871651.7532075075,1220312.1467924926
354.68307,942833.5103301882,1319966.8056698118
448.18942,896080.4362858899,1254512.25971411
414.9137,1277805.326994922,912718.2330050778
438.85138,900749.3492605393,1261048.9947394608
454.83325,1249861.3544175508,892758.745582449
403.50177,1285793.7249320052,918424.1510679949
382.30215,929024.0306129478,1300633.3893870525
473.15836,883595.86661768,1237034.1013823198
306.6962,966827.3233539225,1353557.2366460776
456.1726,892088.9138625849,1248923.966137415
361.09192,1315480.4799928176,939629.2160071824
389.9458,925202.4957988182,1295282.544201182
468.36438,885992.8424842797,1240389.9015157204
433.0922,1265080.2900669724,903629.0699330276
407.77597,916287.0513931931,1282801.7846068072
425.81915,907265.6564907033,1270171.3635092967
423.28094,1271948.0334568794,908534.8385431205
415.0873,912631.416430984,1277683.823569016
421.44394,909453.0725690646,1273234.1994309356
404.32877,918010.6551423803,1285214.8208576199
406.82587,916762.3119433541,1283466.6440566457
510.04727,1211211.845518453,865151.4304815469
418.18765,1275513.3899880447,911081.4300119556
406.36044,1283792.4212441808,916995.0507558193
440.71686,899816.5942504928,1259743.1737495072
500.11557,870117.3588650784,1218163.9571349216
394.95035,922699.9536265635,1291779.6263734363
405.99393,917178.0510247981,1284049.2329752021
519.6901,1204461.6669397245,860330.2130602754
473.81302,1236575.581969136,883268.7940308638
380.72037,929814.8392435658,1301740.716756434
390.86343,924743.3062310563,1294640.5777689437
461.70667,1245050.3073385018,889321.688661498
444.2747,898037.709595969,1257252.6504040312
431.31284,904518.708543391,1266325.883456609
441.2918,899529.3195094625,1259340.5204905374
476.9534,881698.3833305147,1234377.5366694857
442.69067,898829.7066306727,1258361.489369327
353.20856,943570.8850692166,1320998.8429307833
466.04196,1242015.5392193797,887154.1087806202
424.64478,1270993.4817484259,907852.782251574
404.8276,1284865.5103547045,917761.3696452954
385.65875,1298283.8371899854,927345.6628100148
457.42273,1248049.0132708212,891463.7107291787
398.99402,920678.0289907061,1288949.1470092938
503.88983,868230.3190099004,1215521.8849900996
373.65216,933348.9745917369,1306688.4334082631
343.2547,948547.6833021272,1327966.676697873
416.56366,1276650.3516561163,911893.2563438839
426.72498,906812.5646120702,1269537.4593879299
336.9212,951714.490808015,1332400.0691919853
390.58707,1294833.8306767843,924881.6853232158
375.92828,932210.9904731824,1305095.0735268176
387.74173,1296825.6941370438,926304.2298629563
483.8349,878257.6602587873,1229560.4597412127
524.55084,857899.6259881203,1201059.3660118796
394.61917,922865.6789341867,1292011.3170658133
434.44543,902952.3807342757,1264133.1032657244
380.43112,929959.7128278858,1301942.9431721142
463.10727,888621.3947156756,1244069.8812843245
426.3863,1269773.903344274,906982.5366557258
471.0742,884638.0738224504,1238492.8861775496
487.78253,1226797.0969276296,876283.8670723705
427.7516,906299.7372318987,1268818.3427681013
403.2392,1285977.4454244277,918555.5145755722
509.05606,865647.2257660488,1211905.5022339511
333.92587,1334496.8347170649,953212.1212829349
363.31342,938518.3893212727,1313925.5066787275
451.6318,1252102.690003309,894359.1499966903
462.5857,888882.2971253498,1244434.8628746502
402.23584,1286675.8576380443,919061.1343619555
445.54565,1256362.9175717137,897402.3024282865
448.92276,895713.6913061579,1253998.996693842
399.83005,1288363.8629785418,920260.0770214581
460.51425,889917.9492638791,1245884.9507361208
397.05267,1290307.9549448083,921648.8410551918
350.12622,945111.91888776,1323156.6171122398
438.8254,900762.4756455531,1261067.044354447
375.3504,932499.8524439328,1305499.6675560672
453.58658,893381.7520805369,1250734.351919463
442.08722,899131.871555267,1258783.464444733
410.98373,914683.1622332084,1280556.3617667914
532.73236,853808.8865982973,1195332.2814017027
498.72232,1219139.1637245815,870814.0522754184
378.562,930894.1159227939,1303251.4840772063
378.69394,1303159.189573187,930828.0824268133
461.21594,889567.1334432288,1245393.7385567708
391.7175,924316.3185263869,1294042.6814736133
463.74704,888301.5476645486,1243622.0043354514
491.91083,1223907.3381840354,874219.6658159646
373.39023,933479.9391523262,1306871.7848476737
451.71353,1252045.4462115215,894318.3177884787
347.4916,1325000.768350164,946429.311649836
422.62933,1272404.3311906883,908860.4728093118
416.65518,911847.4629006679,1276586.3210993323
402.19922,1286705.4482645812,919075.487735419
458.97586,1246961.8309721788,890687.1370278212
424.23392,1271280.933582555,908058.3624174452
437.52997,1261973.8770430444,901410.1589569558
415.09964,912625.2126527803,1277675.2193472197
476.62073,1234610.3520670065,881864.7719329932
469.07825,885635.9036003873,1239890.1963996128
389.43585,925457.1004359093,1295639.8795640906
509.04578,865652.2441271361,1211912.819872864
403.4214,1285849.9189052172,918464.4010947829
322.2835,959033.3054936153,1342646.4945063847
436.54163,901904.2289886099,1262665.8150113903
394.3645,922993.0121557321,1292189.5878442682
394.75497,1291916.4470913517,922797.5889086484
397.2008,921574.6854415413,1290204.3545584586
387.60825,926370.8944489761,1296919.2055510238
411.8113,1279977.0183071159,914269.4216928843
421.35193,909499.1083775001,1273298.5756225
489.80246,875273.8294794054,1225383.2185205945
485.8754,1228132.1524596422,877237.3675403579
505.65173,1214288.4861658078,867349.4378341918
433.1627,1265030.9950110405,903593.7649889595
457.7327,891308.7993950004,1247831.9606049994
511.4608,864444.6565703915,1210222.3834296085
490.51532,874917.4725363144,1224884.1434636856
461.98724,889181.5328919012,1244853.779108099
461.1611,889594.5076149987,1245432.172385001
475.2276,882561.3919837914,1235585.4880162084
434.64087,1263996.31121232,902854.6447876797
587.28973,826530.1722287537,1157142.1517712465
483.4874,878431.3494927401,1229803.7705072602
454.07657,1250390.403192422,893137.712807578
384.1986,928075.8054488641,1299305.8745511356
361.04358,939653.3759487838,1315514.328051216
366.36713,1311787.8281119291,936991.6158880711
461.9823,889183.9487863455,1244857.291213654
514.357,862996.5395651801,1208195.06043482
371.4859,934432.0820854687,1308204.8379145316
492.64688,873851.5988953605,1223392.1451046397
315.7244,962313.2730960498,1347237.4469039505
542.2566,849046.8473314644,1188665.232668535
509.28177,1211747.7204513408,865534.1555486587
492.9753,1223162.209927525,873687.430072475
512.5735,863888.2948037125,1209443.5051962875
392.17392,1293723.1967309208,924088.0992690792
479.01157,880669.2582581099,1232936.85774189
450.41376,1252955.2170204504,894968.2709795497
473.50064,1236793.5634967305,883425.6685032696
419.6862,1274463.9903695951,910332.5696304049
395.13345,922608.4110649424,1291651.4489350577
354.8684,942740.8494583557,1319837.0705416445
431.66525,904342.4794778406,1266079.2205221597
459.78375,1246396.2837650655,890283.2162349343
488.32773,876011.2185886374,1226415.5054113625
452.91977,1251200.6942865262,893715.5817134739
439.62537,900362.3342326302,1260507.22176737
437.7415,901304.3375649472,1261825.862435053
430.03677,1267217.559263194,905158.316736806
485.83966,1228157.182660207,877255.225339793
466.83218,886758.931402638,1241462.452597362
407.36887,1283086.4582494013,916490.8977505986
371.16812,1308427.2575637843,934590.9984362158
486.3407,1227805.7378663833,877005.4221336168
418.24863,1275470.9170803102,911050.7269196901
393.0538,1293106.9640034586,923648.4759965414
507.02893,866660.5877515045,1213324.6962484955
575.70416,832323.4499213274,1165251.5580786727
425.9468,907201.7700069607,1270082.0699930391
381.35153,1301298.62053046,929499.5434695401
420.76282,909793.7887938885,1273710.8272061115
413.4505,913449.84409201,1278829.5559079899
416.4783,911935.9273364021,1276710.1126635978
434.05585,903147.1269447838,1264405.8530552161
528.386,1198374.4144929643,855982.3855070357
459.80844,890270.8267093574,1246379.0452906422
463.6556,1243685.9911351549,888347.2888648452
473.54758,883409.1755852742,1236753.7284147257
417.21832,911565.8830705115,1276192.1329294886
477.73392,1233831.1290245026,881308.1669754973
409.45773,915446.1692965152,1281624.5547034848
432.82657,903761.7995689327,1265266.316431067
426.179,907085.5374382476,1269919.6625617524
347.96188,1324671.5774276466,946194.1665723535
472.04257,884153.748254326,1237815.167745674
450.7458,894802.1476914829,1252722.8923085171
351.53546,1322170.0493024234,944407.3986975766
478.19153,1233510.8602093663,881079.303790633
419.95862,1274273.5814825448,910196.0745174551
467.74637,1240822.474849923,886301.8811500767
479.49683,880426.6318419065,1232597.1721580934
385.29788,927526.4334053413,1298536.1105946589
399.64462,920352.957806549,1288493.4981934507
341.30997,1329327.8773196149,949520.1586803852
432.5944,903877.8410851959,1265428.8789148042
465.66357,1242280.4156513198,887343.3003486802
438.92535,900712.3877271067,1260997.1922728934
471.94867,1237880.6815968407,884200.914403159
428.67862,905836.1221508365,1268169.5338491634
419.75952,1274413.2396291709,910295.336370829
486.28812,1227843.195296321,877031.0607036789
467.78784,1240793.433063066,886281.1589369338
451.60098,894374.5273827694,1252124.2966172309
458.58765,890881.2193130482,1247233.600686952
414.4842,1278106.024516609,912932.9354833912
505.75586,1214215.7054506675,867297.2625493323
404.39746,917976.4762756913,1285166.571724309
454.83255,892758.8905092822,1249862.049490717
374.20245,1306298.8086803174,933078.2513196826
420.77225,909788.9920689648,1273704.3079310353
372.5289,1307474.7133836506,933910.6066163495
390.75946,924795.6622570863,1294712.9857429138
408.88504,1282025.1354628613,915732.8165371389
479.77615,880286.9893429424,1232401.6306570577
343.11102,1328067.169519368,948619.6064806321
528.695,855827.721127058,1198158.2788729419
470.34607,885002.48716544,1239002.22883456
413.89142,913229.4564031925,1278520.8395968077
514.8537,1207847.0211879022,862748.5388120976
450.20023,1253104.3608871447,895075.3631128552
456.97995,1248358.9355083983,891685.1244916018
449.16006,895595.0412070679,1253832.886792932
567.10693,1171270.101160021,836621.5828399791
486.9979,876676.1466700307,1227346.3733299696
509.26346,865543.4110246332,1211760.4369753667
517.427,861461.7785332974,1206045.8214667025
493.87692,1222530.7179542156,873236.9780457846
418.29688,911026.5813458773,1275437.1626541233
452.20557,1251700.9593671085,894072.3566328913
475.64532,1235293.183906985,882352.4320930149
432.32034,904014.883131631,1265620.708868369
336.26224,952043.9305300785,1332861.3814699214
430.6237,904863.679698496,1266807.8803015044
442.5376,1258468.603115658,898906.2768843418
484.85352,877748.2585404976,1228847.5174595017
482.89542,878727.4520230158,1230218.043976984
481.1883,879580.9467580667,1231413.0932419333
409.77585,915287.1318431436,1281401.8481568564
462.92166,1244199.7423384755,888714.2656615247
424.08102,908134.5755814203,1271388.2004185796
451.5433,894403.3665788901,1252164.67342111
431.53467,1266169.917388674,904408.4786113261
352.56808,943890.9920348395,1321447.3119651605
448.96637,895691.8504314007,1253968.5055685993
416.8284,911760.8233378443,1276465.0966621558
366.2069,937071.594395767,1311900.1256042332
400.74924,1287720.4373449488,919800.4746550514
501.01456,869667.7528587381,1217534.7751412618
366.2552,1311866.2731693194,937047.4868306806
400.16687,920091.615503534,1288128.1404964658
449.71304,895318.6151808338,1253445.7368191658
478.16895,1233526.698492156,881090.5615078437
464.0604,1243402.516978142,888145.0030218579
422.42044,908964.9116531834,1272550.5603468167
527.8256,1198767.0306510024,856262.2493489971
494.55896,1222052.6682066347,872896.5797933652
484.34888,878000.5864145719,1229200.7575854282
454.65292,892848.583845416,1249987.9121545837
466.69644,1241557.2811792959,886826.9908207045
454.32608,1250216.616586712,893012.087413288
466.0803,887134.8891844013,1241988.750815598
418.86935,910740.4483247327,1275036.3316752673
493.1232,873613.5635366887,1223058.5964633112
398.28134,1289447.9141278972,921034.4778721026
440.55096,899899.5900025724,1259859.2579974276
378.25574,931047.1739074973,1303465.9380925028
419.28543,1274745.1357142227,910532.3482857774
383.2717,1299954.732276555,928539.2277234453
458.2367,891056.7076060642,1247479.2523939358
418.23605,1275479.5523217677,911057.1876782323
392.56653,1293448.388148756,923891.7758512439
440.02603,1260213.4862781982,900175.2777218019
475.5885,1235332.9689985646,882380.831001435
436.85876,1262443.6616795696,901745.8263204303
471.02722,1238525.006820209,884662.3291797907
515.1699,862590.115085233,1207626.004914767
495.20166,872574.5250610908,1221603.4829389094
429.0523,905649.3133502364,1267907.9266497635
518.8716,860739.2597023128,1205034.820297687
479.7236,1232438.3415727308,880313.3384272692
501.4444,1217232.2108019039,869454.5091980963
390.61615,924866.9650210704,1294813.6549789298
566.3485,837000.8243713162,1171800.9756286833
396.549,921900.5493099696,1290660.6506900305
354.82742,1319864.638123075,942762.4578769249
495.0465,872651.7841135975,1221712.4158864026
471.8276,884261.293399676,1237965.586600324
505.05716,1214704.8134244676,867646.5945755326
362.31107,1314627.1934497673,939019.5225502327
404.63968,917855.1891990022,1284997.1948009976
540.5587,849895.6875462272,1189853.8724537725
476.8289,881777.2937789084,1234448.0262210919
433.90378,903223.2237863329,1264512.240213667
488.79898,875775.6670839449,1226085.5569160548
340.96246,949693.8284862037,1329571.2195137963
474.6604,1235982.6529494731,882844.8670505269
427.46292,1269020.8339609143,906443.6620390858
511.04404,1210514.122558931,864653.0294410691
540.4241,1189947.960999544,849963.1190004558
426.87396,1269432.4422142825,906738.8057857177
450.8625,1252641.2135165983,894743.7864834015
419.80618,910272.4616657024,1274380.1223342977
346.07733,947136.3725948975,1325990.8314051025
384.8134,927768.3261950229,1298875.5938049774
457.26025,891544.9734864095,1248162.7265135902
459.8902,890230.0086738258,1246321.751326174
384.4086,1299158.8828083612,927970.7971916385
457.20084,891585.4060091964,1248193.5859908033
394.3422,1292205.3373802854,923004.0226197146
499.0212,1218930.1135676608,870664.446432339
519.5883,1204532.8217104252,860381.2182895747
503.00827,868671.2596618794,1216138.8163381207
454.63727,892856.4586379175,1249998.8173620824
516.2053,1206901.191325035,862072.4486749645
418.8334,1275061.5439644502,910758.3760355498
417.72418,911312.9578209635,1275838.0261790366
478.9728,880688.6636287166,1232963.9763712832
485.72992,877310.0629949871,1228234.0330050127
402.02948,919160.3343285285,1286824.2896714713
423.7698,908290.1583705675,1271606.0816294325
511.09027,1210481.771912999,864629.9040870008
465.43,887460.0827762203,1242443.9172237795
481.68408,1231066.0894194471,879333.0145805527
415.54428,912403.1026567211,1277363.761343279
500.33017,870010.0372726966,1218013.7587273032
466.28745,887031.3156559324,1241843.7443440673
504.55017,1215059.7330132206,867900.0629867794
415.1615,912594.3562105083,1277631.8437894918
443.47678,898436.6767044853,1257811.1872955146
523.1689,858590.596874026,1202026.7231259742
452.85382,893748.1977947551,1251247.2182052447
491.56647,874391.9375036334,1224148.2984963665
556.409,841970.5509280186,1178758.649071981
475.6487,882350.6728363172,1235290.8871636828
475.68686,882331.6106291453,1235264.1573708546
451.91373,894218.7609742217,1251904.7630257783
432.36926,1265586.3805086806,903990.5074913194
431.878,904237.3498693963,1265929.0501306038
519.1805,860584.7933798619,1204818.6066201383
484.84482,1228853.5684346957,877752.6475653041
416.6634,911843.4039468755,1276580.5160531248
431.3262,904511.9394265421,1266316.6205734578
478.57516,880887.4536534419,1233242.3543465582
457.57034,891389.9684028034,1247945.6235971965
583.8993,828225.4327023437,1159515.4072976564
493.72192,873314.0681529621,1222639.6278470377
449.51562,895417.3259093055,1253583.9300906945
435.91763,902216.4101907995,1263102.4338092005
454.10513,1250370.886325436,893122.9576745641
433.81717,903266.4790137827,1264572.9169862175
503.41162,868469.2221315494,1215856.8338684505
474.9619,882695.6040992881,1235770.115900712
435.20764,902571.6851653944,1263599.1468346058
554.11664,843116.7244934816,1180363.3075065184
529.64417,1197494.004516011,855352.9914839888
530.42444,1196947.8106857734,854962.8613142263
525.1171,857616.4815845987,1200662.9984154012
530.1455,855102.2720628361,1197143.1279371637
481.95703,1230874.9157706592,879196.6482293407
492.79974,873775.1732286995,1223285.1387713007
359.09442,940627.980897795,1316878.7151022053
434.19342,903078.3666309644,1264309.5293690357
441.22083,899564.6251686886,1259390.3788313111
458.60303,890873.5816727466,1247222.7823272534
473.605,883372.5795066457,1236721.4204933543
521.0628,859643.6771230331,1203500.9628769662
470.78122,884784.5296555947,1238698.006344405
435.85202,902249.2237912402,1263148.3522087596
485.36038,877494.9375614469,1228492.6064385532
405.0465,917651.8155231103,1284712.3844768899
408.46152,915944.3082681852,1282321.8677318147
449.90173,895224.276713249,1253313.6472867508
502.06134,869144.4816530632,1216801.9103469367
454.72235,892813.995630462,1249939.184369538
441.41757,899466.2828472365,1259252.6331527634
437.4687,1262016.8157202746,901440.7442797252
407.77338,1282803.5305671017,916288.4134328986
397.93884,921205.6328344325,1289687.7591655673
468.32742,886011.3856952215,1240415.7103047783
449.93393,895208.1484837481,1253291.1355162521
452.93872,893705.7030293504,1251187.8329706495
434.03967,903155.2498247591,1264417.1461752413
477.9613,881194.3904209341,1233672.0495790658
456.39877,1248765.8092993042,891975.666700696
485.03372,877658.2572125013,1228721.2787874988
397.8036,921273.3654612233,1289782.3145387764
457.83267,891258.7092504916,1247762.0867495083
504.00745,868171.4344390897,1215439.62556091
498.10675,871121.6972009304,1219570.2027990697
411.88135,914234.345931169,1279928.0340688308
471.5692,1238146.3865560412,884390.573443959
480.1513,880099.4307687723,1232139.009231228
468.52194,885914.0685232438,1240279.6034767563
424.04785,908151.1044417556,1271411.4755582444
415.92197,912214.1687042827,1277099.4672957172
520.4188,859965.6238914938,1203951.8161085062
465.75336,887298.3733132986,1242217.5946867014
513.8986,863225.7701956095,1208515.9098043903
423.2869,908531.6293614504,1271944.0906385498
404.6916,1284960.8056191434,917829.2743808565
438.81284,900768.6380317716,1261075.9539682283
443.84827,898250.9978309739,1257551.0781690262
425.26697,1270558.0118004503,907541.6241995497
430.52927,904910.3971719684,1266874.4788280318
461.0728,889638.7331043705,1245493.9068956294
440.70007,899824.9990111229,1259754.916988877
508.09076,866129.6562465606,1212581.431753439
473.6337,883359.2687898538,1236700.2912101462
355.99924,942175.5100537337,1319045.4019462662
482.9257,878712.3031229139,1230196.8568770858
463.83282,888258.6165306895,1243561.9994693105
464.91986,1242800.764893848,887715.4031061517
447.7836,896283.2432352622,1254796.4367647376
492.01807,1223832.3018591984,874166.0141408015
424.78387,1270896.1516442513,907783.2043557485
535.55133,1193358.9773790177,852399.4266209821
464.66293,1242980.8641225633,887843.6198774364
510.86926,1210636.184168612,864740.7038313881
512.2363,1209679.343135713,864057.0968642869
494.2409,873054.6271802342,1222276.2928197659
497.32208,1220119.3523337608,871514.1516662391
408.90253,1282013.1508967371,915723.8131032627
522.4166,1202553.3318827313,858966.7481172688
564.00757,838171.3741063041,1173439.5418936957
526.9355,1199390.0682802023,856707.3317197975
416.968,911691.0575835931,1276367.3424164068
464.70953,1242946.8963334537,887821.6676665456
517.28735,861533.2084339219,1206141.971566078
398.57245,920888.8211401218,1289244.238859878
484.79254,877778.7500145469,1228890.2019854533
391.4321,924459.0121222237,1294242.4678777764
428.12512,1268557.3510955703,906112.5049044297
468.63245,1240202.1839963212,885858.8760036788
450.7937,894778.172272765,1252689.387727235
488.31393,876018.281621804,1226425.002378196
483.12836,1230050.8093711785,878615.1586288215
482.8274,1230265.7487552948,878761.3712447055
505.8966,1214117.1433275256,867226.9366724744
430.5609,904896.5541715769,1266850.3658284233
440.9529,899698.6167258909,1259577.903274109
468.52298,885913.6519466244,1240278.7720533758
507.13397,1213251.1261134243,866608.1098865757
540.23157,1190082.842680563,850059.2733194369
529.3205,1197719.655460977,855515.7445390227
460.8477,889751.2011972325,1245651.5588027672
435.37692,902486.5842922309,1263481.111707769
483.06012,878645.0146030929,1230102.8413969069
481.4737,1231211.526824715,879440.0331752846
432.4526,903948.7448358505,1265528.1351641493
486.7691,876790.5531158908,1227506.5268841092
466.75766,1241514.5435444245,886796.2644555756
531.35345,1196295.9925928158,854499.867407184
405.65753,917346.6103603028,1284284.353639697
419.0866,1274884.3385729643,910631.7414270358
368.4064,935971.9045025137,1310360.4154974865
474.0687,1236396.8501084675,883140.7098915322
473.3625,1236890.9357531343,883494.0642468657
471.6626,1238081.1328778397,884343.7471221602
482.9619,1230171.59827848,878694.12172152
521.6328,859358.6710863836,1203101.9689136164
411.56235,914393.899882373,1280151.2801176268
481.6351,1231100.363756161,879357.5162438388
455.7684,1249206.9821118447,892290.9378881555
488.59607,1226227.2431636895,875877.4728363105
513.6171,1208712.9843777984,863366.4956222016
442.5248,898912.8087253592,1258477.4312746404
464.4001,887975.002286898,1243164.877713102
443.82236,898263.8573405428,1257569.310659457
499.58716,1218533.8820367018,870381.5259632984
571.5166,834416.8775138339,1168183.202486166
463.12997,888610.0333096376,1244054.0026903625
431.8884,1265923.016561082,904230.9034389181
496.24884,872050.6810990499,1220870.71090095
483.83914,878255.5438306724,1229557.4881693278
500.4336,869958.2767845904,1217941.4032154095
376.22342,932063.35684536,1304888.5391546402
474.3819,1236177.497566982,882984.2224330183
483.9677,878191.2851197076,1229467.4748802923
499.72012,870314.9726638009,1218440.883336199
507.8226,866263.7244925305,1212769.1555074695
417.5909,911379.6312835192,1275931.288716481
466.0699,1241995.9763809317,887140.1436190685
455.07214,1249694.4723818805,892638.9596181195
567.01556,836667.300322919,1171334.0276770808
506.50363,866923.2249445972,1213692.4190554027
389.27115,925539.457959095,1295755.162040905
436.33762,902006.3863748279,1262808.4696251722
468.17966,1240519.186989451,886085.2210105491
488.70016,875824.9580081783,1226154.849991822
575.95197,832199.072129197,1165078.5638708028
550.01715,845166.4829055921,1183232.937094408
446.0952,897127.8612273068,1255977.8987726932
490.55588,874897.1550425317,1224855.7889574685
511.85703,864246.5157449425,1209945.048255057
470.4078,1238959.4674262584,884971.1725737415
432.10233,1265772.7663181764,904124.4376818234
486.66772,876841.1771947925,1227577.5588052077
486.5604,876894.8633280864,1227652.6566719133
409.16507,1281829.326935056,915592.5890649442
520.81934,859765.4530647728,1203671.3389352271
443.3626,898493.7402487284,1257891.1397512713
545.2529,1186567.5383870073,847548.9816129929
505.89862,867225.8079098555,1214115.8480901443
456.46445,891942.8241108765,1248719.8358891234
556.8349,1178460.4899155363,841757.6300844641
472.86227,883744.3592176494,1237240.91678235
454.088,1250383.2605321908,893131.1394678091
427.17847,1269219.6664329413,906586.1695670587
460.08234,890133.9775071403,1246187.2144928598
518.5628,860893.6607861365,1205250.979213863
531.61456,854367.7613241054,1196114.7666758944
461.6361,889356.9886637178,1245099.691336282
447.10382,896623.279817355,1255272.1361826449
487.05923,876645.6086400456,1227303.3153599543
490.76376,874793.26061214,1224710.2273878597
484.52145,877914.3783431385,1229079.8816568614
569.34937,835500.356255194,1169700.3997448059
518.6753,860837.3907778313,1205172.2492221687
451.5868,894381.63573634,1252134.2042636601
414.53812,912906.1438168605,1278068.1121831394
513.72534,863312.5177559509,1208637.074244049
466.96146,886694.4258336676,1241371.8221663325
566.1709,837089.5902493051,1171925.3297506953
508.45502,1212326.3302442858,865947.6457557142
485.3822,877498.8347331675,1228462.5252668324
442.40387,1258562.1827961165,898973.1732038832
503.2685,868540.8115355673,1215956.9884644323
546.7064,846822.3529408999,1185549.9670591003
591.09656,1154477.1627516348,824626.9652483651
514.9274,862711.4341000945,1207795.6858999059
462.60104,1244424.1137550895,888874.6382449104
416.81534,911767.3743316378,1276474.2176683622
520.266,860042.1083189418,1204058.691681058
532.10864,1195768.7581135342,854120.8738864659
524.8216,857764.3420077921,1200869.7379922078
501.15607,1217435.4765810363,869597.2394189637
478.69263,880828.7093614237,1233160.1346385763
524.6393,857855.3770165618,1200997.462983438
458.63144,1247202.7660394344,890859.5059605655
536.13544,852107.3141079914,1192950.1578920083
452.3878,893981.195900129,1251573.4440998707
501.06158,869644.2431606131,1217501.8608393867
560.383,839983.6622726457,1175976.737727354
509.57968,865385.2655575541,1211539.118442446
447.19547,896577.3080516377,1255208.1279483621
459.7744,1246401.8816410752,890288.8383589251
473.07907,883635.514429455,1237089.6015705448
499.218,870566.0340528414,1218792.3659471583
447.53604,896407.0322347141,1254969.7197652857
464.86102,1242842.2388084116,887744.537191588
460.5997,889875.1971238678,1245825.162876132
565.35114,1172494.8595223185,837503.7724776816
497.40192,871474.1539909579,1220063.5420090419
480.8508,879749.719660717,1231649.3203392827
496.40976,871970.6394375453,1220757.6485624546
504.13947,868105.2986867005,1215347.3373132993
532.6063,853871.8780651791,1195420.5619348208
478.82007,1233070.8168250492,880765.0991749507
569.6051,835372.5621578997,1169521.3178421003
570.0904,1169181.529200078,835129.9907999223
526.57086,1199644.773207617,856890.1947923828
511.629,864360.5470260883,1210104.6529739117
380.36154,1301991.8326199334,929994.3193800666
558.8839,1177026.123262213,840733.196737787
521.8357,1202959.2172832922,859257.9427167077
456.89908,1248415.4459766326,891725.6580233668
495.18127,872584.8435396879,1221617.632460312
499.85907,1218343.6200866597,870245.4959133404
473.1665,883591.8086576428,1237028.3913423568
448.0665,1254598.4055941748,896141.7944058253
486.63107,876859.5332018428,1227603.182798157
454.5106,892919.7496233385,1250087.5303766613
533.01526,1195134.1285546757,853667.5594453239
497.31204,1220126.453033781,871519.098966219
533.1161,1195063.6450412008,853617.0349587991
457.74802,1247821.2490080514,891301.1269919487
624.0104,808169.8454727351,1131437.674527265
475.11847,882616.0043138819,1235661.8316861182
508.46542,1212319.158216517,865942.3377834829
526.72876,1199534.6797657637,856810.8082342362
580.13885,830105.639166963,1162147.740833037
465.49673,1242397.019272552,887426.9047274478
537.90955,851220.2556475799,1191708.2843524201
521.32104,1203319.7164536857,859515.0355463142
559.03864,840655.7780251367,1176917.8539748634
496.55377,1220657.1929042987,871898.2830957014
500.7056,869822.4155954623,1217750.8644045375
516.6245,861862.936984673,1206607.663015327
424.01584,908167.1972407129,1271433.794759287
463.90552,888222.2643493965,1243511.1116506036
466.6989,1241554.8434380535,886826.4765619467
537.3535,851498.3130738976,1192097.486926102
514.87646,862737.9228348681,1207830.325165132
425.45474,1270426.3250748694,907447.9869251307
447.3883,896481.0044799803,1255073.035520019
503.4879,868431.1797356603,1215803.34026434
433.68036,903335.158027759,1264668.409972241
468.3667,1240388.201728479,885991.758271521
564.7309,837809.6098637498,1172933.3101362505
533.0208,853664.9029293171,1195130.137070683
447.61987,896365.0817233162,1254911.0742766839
609.52167,815414.207404398,1141579.788595602
492.2105,874069.8308374862,1223697.5691625136
506.42053,1213731.4867165969,866983.877283403
450.41348,894968.3999862465,1252955.4240137537
465.08737,1242683.7536542155,887631.4023457846
466.08835,1241982.9667695903,887131.0132304098
448.32074,1254420.3767214871,896014.7352785126
624.3659,807992.0825451463,1131188.8374548536
425.54535,1270362.4441405474,907403.1358594524
519.65784,860346.1154353304,1204484.4765646695
525.83875,1200157.7535482435,857255.7464517566
522.2385,859055.8079312475,1202677.9920687526
526.9479,1199381.2024379892,856701.3175620108
523.2948,1201938.577962367,858527.6620376324
487.7914,876279.5880115728,1226790.7319884272
474.85135,882749.633521496,1235848.7464785038
495.75967,872295.266464841,1221213.129535159
547.64014,1184896.81439057,846355.0176094301
534.0108,853169.6366656295,1194437.4033343706
537.243,1192174.8393821411,851553.560617859
543.36426,848492.9426349782,1187889.945365022
488.83676,1226059.216969437,875756.6710305631
491.4899,1224202.028595981,874430.0914040192
441.60776,899371.1644446865,1259119.5235553135
566.8471,836751.4918649261,1171451.988135074
662.59503,1104428.3541009543,788877.6098990456
538.11694,1191563.08998572,851116.58201428
410.6523,914848.8874717116,1280788.3525282883
490.48834,874930.8471590122,1224903.1448409876
498.5587,870895.7160200912,1219253.8439799086
449.95663,1253274.84613122,895197.1978687802
427.80875,906270.6570955581,1268778.8429044418
519.2558,860547.1646079057,1204765.8753920943
592.6847,823832.8827453944,1153365.4772546054
521.6106,859370.9437257224,1203116.3362742777
533.9991,853175.4832972971,1194445.5967027028
416.88763,1276423.5301110577,911731.3138889424
441.7261,1259036.6762026455,899312.0037973545
521.1237,859613.2033230759,1203458.3566769238
533.66705,853341.6698006918,1194677.8701993083
581.63446,1161100.729791862,829357.9182081377
482.44577,878952.1411068838,1230532.9348931161
453.6478,1250691.2156462695,893351.4243537304
511.4986,864425.7698719851,1210195.9101280149
493.2847,873532.6924255249,1222945.667574475
462.63647,888856.793646091,1244399.442353909
421.48398,1273206.158525508,909433.0654744918
456.78586,891782.1188992899,1248494.8491007104
485.63763,1228298.5563521301,877356.2876478699
534.9329,1193791.879563637,852708.6404363629
526.6777,856836.1937176245,1199570.5662823755
561.7644,839292.8542602957,1175009.8657397043
541.961,849194.6180715997,1188872.1819284004
459.23358,1246781.230258083,890558.4737419169
482.33472,879009.5356390544,1230608.8003609453
463.86935,888240.4580378423,1243536.3219621575
488.49283,1226299.4751139204,875929.1288860791
535.61896,852365.5830854797,1193311.66491452
476.3021,882023.9832010347,1234833.4967989654
506.6805,866834.7782807536,1213568.6217192463
503.1392,868605.434449926,1216047.525550074
562.37256,838988.8014644613,1174584.1265355386
542.67804,848836.0575077229,1188370.294492277
573.02814,1167125.0176997161,833661.2143002842
562.6896,838830.2385521175,1174362.241447882
498.55002,1219259.9149947665,870900.0610052329
561.36285,839493.6532905005,1175290.9267094994
493.70932,873320.8554053142,1222647.9605946857
584.3133,828018.5586597024,1159225.4813402975
474.83054,1235863.5533761268,882759.798623873
482.9352,1230190.2082631134,878707.5517368866
586.6677,1157577.5225879557,826841.2374120445
420.53137,909909.4080815905,1273872.9479184095
507.66605,866342.0580079138,1212878.681992086
508.83783,865756.4129480973,1212058.1910519027
548.9327,1183992.0359973758,845708.7240026243
505.3509,867499.5947731825,1214499.3252268177
560.72235,839813.9803394466,1175739.1996605536
476.32452,1234817.2763601006,882013.2996398989
470.57208,884889.0086298742,1238844.4953701259
511.8053,864273.1409459643,1209980.4990540356
565.157,1172635.0582247623,837596.5417752375
532.8296,853760.2159181057,1195264.2640818942
488.09467,876127.9319577784,1226578.4640422217
578.0903,831129.8839685501,1163581.75603145
526.22546,1199886.969252592,857062.478747408
384.23758,928056.235442985,1299278.668557015
464.7478,887801.3338149515,1242921.306185048
472.18927,884080.3887754946,1237712.4872245048
495.0946,1221678.678081241,872627.8019187588
546.995,1185348.4306737646,846677.5693262353
530.03107,855159.9574542238,1197222.7585457761
502.05005,1216809.804648214,869150.1353517859
456.74878,891800.636584279,1248520.827415721
451.24915,894550.4579197536,1252370.5620802462
509.8793,865235.867040114,1211328.972959886
571.80927,834270.5064859529,1167978.3695140472
473.15082,1237039.3887673102,883599.6272326899
495.604,872373.0467360821,1221322.1532639177
551.1512,844600.1148133189,1182438.4451866809
530.83093,854759.7332365975,1196663.1507634022
650.0905,1113179.7780967439,795131.621903256
448.3386,896005.7444623599,1254407.93553764
498.53595,870907.1236435098,1219269.7363564903
536.02924,852160.4793138935,1193024.4326861065
359.61545,1316513.971979043,940367.488020957
525.98096,1200058.0992999095,857184.7487000905
446.0667,1255998.2400225485,897141.7199774515
482.30887,879020.6239660821,1230628.7320339177
523.69226,858328.9092256887,1201660.3787743114
585.70526,827322.4409629776,1158251.2470370226
499.17737,870586.3987741002,1218820.7572258997
515.97235,1207064.1297367094,862189.0502632906
494.41266,872968.898505402,1222155.9094945982
431.21976,904565.2439509454,1266391.0440490544
606.54645,816901.8249231826,1143662.4350768172
389.0601,925645.0457893934,1295902.8342106065
409.19775,1281805.0782069252,915577.6217930748
487.2633,876543.5187140426,1227160.5212859567
632.24963,804050.2323673044,1125670.2116326957
610.53357,814908.3647993042,1140871.3512006958
519.91876,1204301.8394978403,860215.6485021599
495.57193,1221344.5305455383,872389.1534544614
563.8563,838246.938191273,1173545.5018087267
554.82715,1179865.910204259,842761.5097957412
546.0367,1186019.071330473,847156.8886695267
521.0721,859639.0756270767,1203494.4043729233
566.0285,837160.8095289675,1172024.9904710327
451.53967,894405.2263998012,1252167.1696001985
482.91385,1230205.2272498747,878718.152750125
496.80383,871773.1566033947,1220482.2473966053
533.3391,1194907.4787065599,853505.6012934397
546.8933,1185418.9318205297,846729.1081794703
527.61005,1198917.9227766655,856370.0172233344
491.28543,1224345.0124121648,874532.4715878351
498.36746,870991.3891563902,1219387.6588436097
447.37427,1255082.9292739492,896487.9467260506
459.53348,890408.3006705674,1246571.5233294324
612.5451,813912.0119519575,1139453.8680480423
620.57416,809887.9534020248,1133843.0545979752
523.2922,1201940.427029382,858528.9329706182
550.5356,844907.2370241608,1182870.0429758388
513.00696,1209140.098211242,863671.5497887578
532.9673,853691.4779131132,1195167.762086887
478.17102,1233525.2517198478,881089.5242801524
471.6284,1238105.103046184,884360.816953816
501.16977,1217426.1339508272,869590.1420491729
405.9379,917206.0935600386,1284088.4264399617
489.293,1225739.8151242046,875528.5848757952
622.2068,809071.6452771341,1132700.1947228657
577.7912,831279.4498988312,1163791.1101011685
591.0023,824673.9197445787,1154543.3202554206
563.24896,838550.57924587,1173970.6687541301
501.0261,1217526.6905078776,869661.9894921223
448.73032,895810.016913119,1254133.5990868807
544.24713,1187271.548106514,848051.8958934862
512.42053,863964.7985231195,1209550.5654768804
470.63193,884863.2354193351,1238798.4485806648
549.231,845559.919704158,1183782.8802958422
513.04407,1209114.0788729358,863653.0371270642
579.3852,830482.4539025895,1162675.3060974102
662.3518,1104598.6899203341,788999.1500796657
529.01337,855668.4378880574,1197935.5181119426
496.43063,1220743.4439443387,871959.8000556615
510.64893,864850.5879813295,1210790.6960186705
492.53983,873905.2282812854,1223466.9757187145
529.6602,1197482.7639705092,855344.9960294906
635.8761,802236.993676327,1123131.686323673
522.281,859034.7361405789,1202648.0638594213
618.45746,810946.3101623711,1135324.7378376287
467.71228,886318.911942251,1240846.352057749
595.86487,822242.6444745484,1151139.5115254514
539.925,850212.5991232524,1190297.4008767474
514.94446,862702.8220050039,1207783.825994996
561.51544,1175183.9905635964,839417.4814364035
486.07993,1227988.8536349635,877135.2303650366
559.6997,840325.2359687812,1176455.1240312187
512.7212,1209339.960311618,863814.5996883822
539.1358,1190849.879173775,850607.1608262251
559.728,840311.3241928078,1176435.075807192
627.91626,1128702.0174117337,806218.4705882664
485.23447,1228580.7941643249,877557.8418356753
499.91483,870217.6814895495,1218304.5225104503
548.2975,846026.7605897001,1184436.2394102998
552.2828,1181646.8393225647,844033.8006774354
582.13245,829108.8223904911,1160752.237609509
545.99786,847176.1007769294,1186046.4672230706
449.18414,1253815.932631983,895583.099368017
412.63086,913859.5890333977,1279403.378966602
508.55527,865897.4856583184,1212256.190341681
501.8824,869234.0704220604,1216927.0495779398
522.1906,1202711.484117926,859079.7958820739
559.254,1176767.1254490882,840548.0745509118
653.0678,793641.1859635394,1111097.4540364605
477.06458,881645.8868527259,1234296.6171472738
538.45386,850948.1286675953,1191327.2393324045
515.429,862460.600499274,1207444.5995007257
532.04156,854154.3096733785,1195815.8183266213
517.0225,1206328.8620936302,861664.1379063694
580.79315,1161688.934296989,829779.285703011
548.48004,845935.0058090368,1184308.9461909633
523.72955,858310.3610756714,1201634.1789243286
645.01556,1116734.041532534,797667.286467466
555.7668,842291.6461282598,1179208.19387174
528.7904,855779.9504976317,1198091.5695023683
477.33508,881507.526573371,1234110.377426629
490.6218,1224809.6290176993,874864.2109823008
484.95267,877698.8056831815,1228777.9903168185
530.93024,1196593.815328168,854709.8966718316
570.1082,1169168.5179495527,835121.642050447
557.4737,841438.5505191899,1178013.0094808098
509.70273,1211452.997109643,865323.726890357
574.1372,1166348.8575011434,833106.5024988563
624.0789,1131387.879802499,808137.4401975012
484.47052,877939.7715093372,1229115.604490662
550.7422,844803.9481683125,1182725.4118316874
602.4434,1146534.4429838243,818953.4770161759
619.1096,810620.2989447741,1134868.181055226
487.93008,876210.2318422754,1226693.6721577246
607.1178,1143262.5083055713,816616.1316944286
496.2115,872069.2784975637,1220896.9215024363
593.60297,823373.5526624323,1152722.8833375678
437.28595,901532.205223106,1262144.6547768943
530.8645,854742.7876246078,1196639.8123753918
541.7327,1189031.880365724,849308.8796342758
537.7248,851312.6404194243,1191837.5995805757
497.2185,1220191.9807855922,871565.8192144078
492.81094,873769.5985496158,1223277.2734503841
641.4373,799456.489063482,1119238.750936518
505.5757,867387.1977654285,1214341.9622345718
615.22375,1137588.3494543498,812563.1505456499
562.59564,838877.6911556276,1174427.5408443725
574.0479,833151.0929087834,1166411.4270912167
448.39127,895979.5242901475,1254370.9517098519
717.8803,1065728.6028846058,761235.0371153941
536.83075,1192463.4347189963,851759.6652810036
575.57574,832387.2046687693,1165341.9073312306
497.05652,1220305.381727922,871646.7942720773
666.7097,786820.4677446001,1101547.8922553998
550.90643,844721.8143817396,1182610.4696182602
536.28644,1192844.4395595382,852031.832440462
561.9757,1174861.9664521192,839187.1935478809
612.0997,814125.1771410197,1139775.18285898
596.2244,822063.0849264457,1150887.6350735545
603.1447,818602.7184821503,1146043.6415178499
545.96265,1186071.068859203,847193.7511407972
477.2786,1234148.9480436007,881536.7319563995
497.01636,871666.8568618577,1220333.5111381423
488.8605,875744.7838406761,1226042.6161593238
552.92444,843712.8146708051,1181197.8573291947
660.7517,1105712.0236272195,789805.9363727802
591.3417,1154305.4734504337,824504.4865495663
478.38696,880981.6594748052,1233373.9885251946
535.27966,1193549.1403860762,852535.267613924
573.74884,833300.6134075979,1166620.7785924019
584.3871,827981.5361058182,1159173.9438941816
638.09143,1121580.9588128573,801129.3251871429
440.74292,899803.665051696,1259724.8309483035
448.272,1254454.5708253698,896039.0291746302
538.8757,850737.1793560295,1191031.9806439702
619.8761,810236.9853392541,1134331.6946607458
515.64014,1207296.8476047195,862354.9843952808
552.9928,843679.0227691596,1181149.6172308403
563.8459,1173552.7814671681,838252.1385328321
518.1277,861111.2005443439,1205555.559455656
549.9457,1183282.8455368907,845202.314463109
528.614,855868.0667373207,1198215.133262679
503.1531,868598.4887466272,1216037.7912533726
542.9305,1188193.5736283222,848709.8263716779
543.77545,1187602.1553109058,848287.304689094
607.57776,816386.1456703015,1142940.542329698
587.9943,1156648.9635826144,826177.8764173859
553.3803,843484.8834974553,1180878.7565025447
538.3873,850981.3804258361,1191373.8595741638
487.22678,1227185.8183968258,876562.0456031741
487.24164,1227175.8160859398,876554.2159140602
588.0135,1156635.5110362046,826168.2889637954
682.3138,1090625.2043555467,779018.2356444533
629.125,1127856.9156311736,805613.0843688261
525.1392,857605.7646183796,1200647.1953816202
553.9829,843183.5857277736,1180456.9342722264
541.22076,1189390.40927652,849564.6787234797
589.3495,825500.2799872239,1155700.320012776
506.02737,1214025.806367244,867161.3496327559
599.8562,820247.0184237604,1148345.5415762395
439.39972,900475.222622021,1260665.1133779788
480.2988,1232035.142310909,880026.2976890911
566.91486,836717.5990473715,1171404.5689526284
535.6006,852374.7612400465,1193324.5187599536
557.81366,841268.2008900146,1177775.4071099856
540.6551,1189786.3512499551,849847.5287500449
511.2648,864542.6991281795,1210359.5408718204
586.23004,1157883.6236771161,827060.3283228838
545.1143,1186664.8596244322,847617.9803755679
537.5617,851394.1906577398,1191951.7693422604
569.88245,1169326.9866426317,835234.0733573682
541.69666,849326.7056795933,1189057.302320407
526.3583,856995.874221026,1199794.165778974
564.5786,1173039.9400118939,837885.739988106
615.9364,812207.8317811859,1137088.4882188141
527.67993,856335.2295189679,1198868.854481032
469.608,1239519.179933353,885371.2200666468
595.34235,1151505.2746498503,822503.9053501496
415.56833,1277347.1453431589,912390.858656841
510.02777,865161.146878376,1211225.5291216238
626.6091,806870.4671581872,1129618.6128418124
556.2393,1178877.1454789867,842055.6945210132
617.783,811283.5679972,1135796.8320028002
583.89417,828227.9566732422,1159519.0393267577
603.576,1145741.5825826374,818387.2174173627
567.53217,1170972.1521402046,836409.2438597955
528.31903,856015.5271920763,1198421.6368079232
565.86664,1172138.1599167357,837241.8720832644
562.5246,1174477.6815708475,838912.7984291525
533.6237,853363.7286907231,1194707.8313092766
594.5359,822907.0823127764,1152069.8376872237
652.0649,1111799.4940643716,794142.6259356287
499.84906,870250.535540624,1218350.592459376
612.9107,813719.7082707067,1139207.4517292934
554.9293,1179794.3581596266,842710.4818403732
548.62506,1184207.427514111,845862.5004858891
592.87915,823735.4474549906,1153229.5725450097
621.9317,1132892.7389619048,809209.2210380951
504.22772,868061.3248825775,1215285.4111174226
535.21124,1193597.0726480633,852569.4393519366
534.928,852711.0770075889,1193795.322992411
591.17694,824586.6011399461,1154421.0708600539
490.44437,874952.850669258,1224933.9053307418
521.8835,859233.277629367,1202926.5223706332
459.98087,890184.7791498348,1246258.176850165
528.2698,856040.1658489524,1198456.0741510475
491.58847,1224133.0444549972,874380.7915450028
511.8874,864231.3254132384,1209923.7945867619
559.79913,1176382.229192037,840278.8148079632
484.21503,878067.7918340581,1229294.1721659412
580.2866,1162044.2965953534,830031.7834046466
534.5172,852916.4351676409,1194082.924832359
536.43256,851958.801339074,1192742.1266609258
559.52905,840410.496475905,1176574.6435240945
499.91092,870219.9054726327,1218306.9905273672
523.66046,1201681.9667076354,858345.4812923643
450.80472,894773.7684539575,1252680.5675460424
430.81036,904769.9104366201,1266677.6575633797
525.06256,1200701.1587037395,857643.7692962603
541.3551,849497.4886537291,1189296.391346271
601.01605,819667.0208644627,1147533.7191355373
541.0726,849638.7406235449,1189494.139376455
553.99585,1180447.8631888852,843177.1168111148
524.7251,857812.4881412087,1200937.3918587912
548.8753,845737.3763505889,1184032.2636494106
586.0201,827164.9674351725,1158030.9125648274
554.55286,1180056.3431901021,842900.224809898
507.86322,866243.4709989724,1212740.6650010275
577.6789,831335.603758823,1163869.7162411772
521.73236,859308.8939169336,1203032.2740830663
515.9767,862186.9163903181,1207061.0436096818
638.6793,1121169.1418992258,800835.6981007741
462.27725,889036.7596536295,1244650.5403463703
585.84186,1158155.6331145642,827254.1348854356
573.14014,833605.0024375765,1167046.8295624238
506.5997,866875.2860882509,1213625.0739117488
492.80133,873774.5346944468,1223283.8693055531
506.77203,866789.0714331041,1213504.4925668954
447.0834,1255286.19134398,896633.7286560202
554.3554,842997.3568333029,1180196.1631666971
575.2884,1165543.08433345,832530.8356665499
552.7999,843775.1087785542,1181285.011221446
600.746,819802.0141916471,1147722.7858083525
491.11816,1224461.6254489482,874616.5825510516
486.94412,1227383.8720668152,876703.1839331847
460.56802,889891.0455098127,1245847.3304901875
610.93933,1140587.4366863798,814705.3673136199
547.8838,846233.4997921181,1184725.9402078819
414.7732,912788.505705329,1277903.6542946713
599.3302,1148713.1054814262,820510.6545185738
642.6935,1118359.4982937058,798828.3017062943
505.04428,867652.8824265881,1214713.9815734115
594.4481,1152131.1922712424,822951.0877287574
584.6663,1158978.556358689,827841.883641311
489.9165,875218.460663482,1225301.7393365176
564.83875,837755.6899762377,1172857.8100237623
586.4289,826960.6495728338,1157744.6704271664
539.8145,850271.1815850663,1190371.4184149338
475.1478,882601.1649270013,1235641.4750729986
487.28754,876531.2570231388,1227143.6949768614
565.8849,1172101.9367928184,837256.1832071816
406.56064,916894.7392380306,1283652.4927619693
572.1603,834094.9113292478,1167732.7286707521
521.54474,1203163.6236071088,859402.688392891
616.2947,812027.6860887464,1136838.6739112537
551.6811,1182068.1147465175,844334.5652534824
488.21475,876067.7314981109,1226494.5685018888
525.4756,1200412.0358009986,857437.2441990012
598.06805,821141.2156938093,1149597.1243061905
448.0954,1254578.1121495483,896127.4078504518
599.8298,820260.4760328484,1148363.7639671515
596.2537,1150867.3100821902,822048.2499178095
601.015,1147534.3796879188,819667.6203120811
518.62286,860863.6259229877,1205208.9420770123
568.02496,836162.5473227198,1170627.5006772804
532.25543,854047.3077752348,1195666.176224765
532.5633,853893.5263044081,1195450.5136955918
549.7513,1183418.9214281791,845299.5185718208
459.20828,890571.0382836303,1246799.025716369
521.83923,1202957.4894585325,859255.4345414673
466.37784,886986.1196671104,1241780.4723328897
586.1338,827108.1274404492,1157951.3125595506
575.52045,1165380.6070931072,832414.8529068925
541.13684,1189448.9297552747,849606.862244725
568.8504,835751.2105303309,1170048.3094696691
606.98065,1143358.517637692,816684.7023623083
450.10977,895120.1924008057,1253168.0835991944
424.53738,907906.7241098171,1271068.419890183
602.87964,818735.3185006406,1146229.1134993595
494.2035,1222302.333067288,873073.4669327119
537.4173,1192052.625557109,851466.614442891
564.0255,838162.310545746,1173427.0894542541
548.24646,1184472.405002461,846051.8429975391
547.84216,846253.9446398679,1184755.4633601322
579.1323,830608.9275293808,1162852.312470619
495.47858,872435.7441027077,1221409.9598972923
587.28503,1157145.4547146456,826532.5092853543
504.24988,868050.1115982428,1215270.0324017573
475.99606,1235047.2064944513,882177.5215055487
490.87305,874739.0306181051,1224633.309381895
518.0711,861139.5631269309,1205595.1168730692
513.04297,863653.5879256994,1209114.8480743007
548.9074,1184009.5738210552,845721.5461789448
593.6185,1152711.6355425394,823366.1644574604
507.6384,866355.8745164741,1212898.0454835263
490.17105,875089.6035320918,1225125.136467908
501.56348,869393.2860780901,1217150.5379219097
586.55676,826896.757072326,1157655.130927674
559.4703,1176615.634758999,840440.0052410009
496.81903,871765.5981572563,1220471.565842743
480.08463,880132.7089822647,1232185.7350177353
577.5716,1163944.8335002088,831389.2464997909
543.17224,848606.6187960454,1188006.6932039545
476.9972,881676.4242150004,1234346.9357849995
524.00836,1201438.9883762316,858170.9796237682
528.0004,856174.8350702708,1198644.6849297292
522.57446,1202442.826912482,858887.8210875178
577.5065,831421.770619679,1163990.4293803212
505.166,1214628.638425028,867592.161574972
580.45776,1161924.324743994,829946.363256006
604.52,1145080.8258790113,817915.1741209886
502.57,1216445.933028011,868890.0669719891
509.218,1211792.3361181035,865566.0638818963
528.437,855958.632150584,1198336.967849416
603.2741,818537.9734090582,1145953.1065909418
536.8149,851767.6863259962,1192474.433674004
541.737,849308.195347354,1189027.4046526458
601.92694,819211.572525075,1146896.099474925
552.341,1181606.0817956212,844004.7182043788
571.07275,1168493.9218376633,834638.7781623364
500.0785,870135.7765380964,1218190.0234619034
513.8618,863244.7844827122,1208541.0555172872
572.9079,833721.1159535747,1167209.4040464256
507.77002,1212805.826818487,866290.1491815131
532.2589,854045.6375663672,1195663.682433633
694.9212,1081799.992419872,772714.5675801279
658.5515,790899.3023354579,1107258.8976645418
508.0838,1212586.2678666129,866133.1721333872
497.2281,871561.0184335969,1220185.261566403
549.47327,845438.6836232832,1183613.3923767167
515.373,1207483.774449746,862488.6255502539
521.4727,1203213.9448259985,859438.8151740014
529.5708,855389.6298792951,1197545.410120705
585.812,1158167.9598441727,827277.6401558274
640.171,1120125.266846987,800089.5331530129
593.49817,823426.8179665697,1152795.3780334305
526.9399,1199387.02539326,856705.0946067402
516.33856,862005.7751257066,1206807.952874293
498.90616,1219010.4025881481,870722.2054118521
441.19504,1259408.3576066191,899577.594393381
487.4189,1227051.3345919242,876465.9854080761
483.86896,878240.5835187442,1229536.6644812557
559.1633,1176830.666436508,840593.3735634913
523.4845,1201805.734228088,858432.8657719119
530.43036,854960.140118071,1196943.4278819289
498.57047,870889.8171847498,1219245.6188152498
504.9929,867678.6566487432,1214749.863351257
448.21616,896067.0960873754,1254493.511912625
457.05225,1248306.543009541,891650.7569904588
473.16464,883592.840274675,1237029.5917253252
593.35406,823498.1218683159,1152897.006131684
511.21634,864567.0483609646,1210393.3436390352
516.4392,861955.457924827,1206737.5020751727
487.22025,876564.9269220086,1227190.7730779909
508.432,865959.1291583289,1212342.470841671
538.0617,1191601.50305681,851144.45694319
465.08606,1242684.6588556673,887632.0691443322
440.5535,899898.286309904,1259857.5136900959
610.74634,814801.8683248253,1140722.5236751742
481.6549,879347.5792683392,1231086.540731661
521.63226,1203102.3886877152,859358.899312285
524.4243,1201147.94158651,857962.8984134893
564.6407,1172996.4157919711,837854.744208029
548.5371,1184268.9004604635,845906.5795395363
574.0607,833144.7361579218,1166402.4238420778
514.7612,862794.6283785965,1207911.9316214034
610.29266,1141039.3085773638,815029.4994226363
503.65063,1215689.4328115014,868349.8111884986
488.09366,876128.2109973424,1226579.3970026576
594.86566,822742.3055916227,1151838.9024083773
550.9655,844692.3215588038,1182569.0784411961
488.68378,875833.1754761987,1226166.2885238007
499.48618,1218604.5815028436,870432.0024971563
482.44043,878954.8105667466,1230536.6734332533
535.8835,1193126.3430080775,852233.4569919226
539.4774,1190610.713759028,850436.4062409722
536.37445,1192782.663952148,851987.9960478519
669.60645,785372.1816138343,1099520.0783861654
485.37247,877489.1484225142,1228483.8875774855
516.1477,1206941.5009279046,862101.259072095
488.4448,875952.8275810411,1226333.4124189587
519.76855,860290.7581005238,1204406.9818994761
529.0839,855633.2689176735,1197886.0510823266
518.93036,1204993.6860270617,860709.8819729382
532.6799,1195368.9219237505,853835.1980762497
475.50867,1235388.879698045,882420.7163019552
510.9218,1210599.5665491074,864714.2734508921
522.5917,858879.218133884,1202430.741866116
435.56906,902390.4866806624,1263346.6413193378
480.4733,879938.3827757939,1231913.6572242056
549.44507,845452.5230003846,1183633.3929996155
488.7143,875817.9885423622,1226144.8514576373
534.64435,852852.8604771707,1193993.9195228294
543.4964,848426.8253413062,1187797.494658694
521.7663,859291.8859242669,1203008.5540757328
463.08096,888634.5818781065,1244088.2661218932
488.71088,875819.5760419823,1226147.3679580179
390.9265,924711.8591134277,1294596.3408865724
478.56558,880892.2947706004,1233249.0092293995
491.92154,1223899.870532828,874214.2814671721
522.29736,859026.739493966,1202636.428506034
484.808,877771.0536321837,1228879.3463678162
535.5834,852383.3312266096,1193336.5887733905
489.02478,875662.7459817879,1225927.5180182122
521.2923,859528.8716523924,1203340.3683476076
472.08862,884130.7339507816,1237782.9220492183
500.09848,1218176.032136562,870125.7918634379
544.143,848103.8380573405,1187344.5619426593
412.24585,914052.1122234574,1279672.8677765424
527.31024,856519.9175257123,1199127.7944742874
489.16443,875592.8548773413,1225829.8291226586
525.8309,857259.6004361806,1200163.3195638196
588.9771,825686.4948548164,1155960.9851451835
472.10364,884123.357324425,1237772.274675575
501.39166,869479.2294093327,1217270.7785906675
576.7414,1164525.9442625127,831804.3757374876
532.1456,854102.5938062246,1195742.6861937754
561.7729,1175003.937759872,839288.582240128
627.9364,806206.8427327009,1128689.4772672993
608.4882,815930.9556045986,1142303.204395401
449.97626,895186.9053169319,1253261.5826830682
567.97864,1170659.691092171,836185.9409078291
515.12964,862612.7230792122,1207651.708920788
490.7962,1224687.5696443887,874776.990355611
523.94476,858202.8750765093,1201483.4129234909
493.57712,873386.489249133,1222740.9667508667
616.596,811877.0214659285,1136627.7785340715
555.47595,1179411.7515701968,842437.108429803
492.39325,873978.4236819439,1223569.6763180557
599.80286,820273.6482261341,1148382.9197738657
510.29514,1211038.2913783318,865027.5406216684
554.23706,843056.4934923687,1180279.0345076313
493.2032,873573.4562949113,1223002.7037050887
485.51822,877415.9089119162,1228382.227088084
514.3607,862994.6980232482,1208192.461976752
493.47473,873437.6855377731,1222812.6384622268
519.74536,1204423.2120430828,860302.355956917
509.5886,1211532.9257465224,865380.7542534776
523.5887,858380.6853348487,1201732.8746651511
573.1968,1167007.177106401,833576.6628935984
570.7064,834821.8725832592,1168750.447416741
542.12384,1188758.0932692157,849113.2987307844
466.29047,887029.8513803472,1241841.5846196527
528.7674,855791.4500403638,1198107.6699596364
537.0241,1192328.010265793,851663.0697342071
540.0956,1190177.973644868,850127.306355132
503.7713,868289.3725995751,1215605.0674004247
455.94672,892201.7167232838,1249082.2192767162
583.0429,1160114.5365687683,828653.9834312317
532.50415,1195492.0156711966,853923.0043288034
573.1978,1167005.348358257,833577.2916417429
507.81104,1212777.1011779609,866269.6508220392
466.49304,886928.5192272691,1241699.8327727304
491.09048,874629.7979953408,1224481.6260046589
518.854,860748.0423435896,1205047.1576564102
539.52924,850410.5383808659,1190574.373619134
615.4623,812443.9172211962,1137421.3227788033
560.71985,839817.4841308809,1175738.695869119
508.85904,865745.5707334947,1212043.5812665052
545.0538,1186707.2917768282,847648.1482231712
484.86945,1228836.3294586928,877740.3305413075
443.6717,1257674.7366490965,898339.2233509035
458.12952,891110.3231129455,1247554.2528870546
463.29117,888529.4336013857,1243941.1623986142
570.5499,834900.4163407548,1168859.7036592453
460.79636,889777.0721942561,1245687.2958057437
520.4218,1203949.6975114765,859964.142488523
573.00964,833670.3720692138,1167138.0599307863
537.20685,1192200.092398286,851571.6876017139
468.68155,885834.2844432683,1240167.8555567316
608.0825,816133.980514545,1142587.019485455
542.6434,1188394.4823180246,848853.4376819757
487.7406,876304.7805414307,1226826.4994585693
549.64233,845354.1791992339,1183495.0248007658
510.9669,1210567.9470316793,864691.772968321
584.45135,1159128.9036440428,827949.4763559571
503.63477,868357.6427499033,1215700.633250096
502.67773,868836.1689461782,1216370.5550538218
471.32224,884514.0665537815,1238319.2454462186
533.3703,853489.9185097974,1194885.7214902025
537.47,851440.3076948095,1192015.6923051903
513.7506,863299.7160089994,1208619.5639910006
515.2325,862558.8940465762,1207582.1059534233
529.39343,1197669.5316430957,855478.3523569042
593.76044,823294.8259021046,1152612.6460978952
481.73993,879305.067305294,1231027.0166947062
608.9783,1141959.878951046,815686.161048954
487.04877,876650.638592601,1227310.837407399
547.6508,1184889.390619601,846349.6493803993
549.10864,845620.7506918175,1183868.8813081826
418.83392,910758.1897767496,1275061.1062232505
436.74258,901803.7384804947,1262525.1655195053
429.32016,905514.9577848362,1267720.8502151638
533.48627,1194804.5469716354,853431.9290283648
473.9071,883221.5742105641,1236509.9057894358
472.0083,884170.9386741736,1237839.1013258263
507.46912,1213016.5484790476,866440.5075209523
509.7715,865289.3327376461,1211404.8672623537
581.2288,829560.9216245229,1161384.518375477
533.5123,853418.8804230029,1194786.3595769969
506.01547,867167.3158363107,1214034.120163689
435.62924,1263303.8833305459,902361.0286694539
480.84906,879750.6165165097,1231650.5114834905
500.8313,869759.3861846157,1217663.0538153842
470.72357,1238738.353883071,884813.3621169284
593.28656,823531.7484269302,1152944.3795730697
494.72406,1221938.0563829683,872813.0716170316
541.18713,849582.4345009269,1189413.0094990733
524.8158,857767.1738154418,1200873.8661845583
513.01605,1209133.5004239506,863667.2395760495
518.5869,860881.6126288822,1205234.107371118
474.31268,883018.7617086999,1236226.0222913001
469.977,1239261.0082976366,885186.5917023636
533.97363,853188.2851649405,1194463.3588350597
504.55673,867896.9307105886,1215054.9932894113
514.0717,863139.232334083,1208394.727665917
516.66736,1206577.8078820761,861841.3601179237
518.7279,860811.0872685681,1205135.432731432
511.85162,864249.2157033425,1209948.8402966575
540.6085,849871.1269476074,1189818.6730523924
556.3611,1178792.1612480294,841994.5187519704
569.1373,1169848.8093180289,835606.4306819709
501.87457,1216932.6994393894,869237.8165606104
503.27377,868538.135844988,1215953.340155012
505.68048,867334.8203502841,1214268.603649716
473.5578,883396.3137342654,1236754.3262657344
496.445,871952.5150972106,1220733.4849027894
433.98685,903181.6915691968,1264454.088430803
549.98145,1183257.9408157847,845184.319184215
492.71964,873815.2395202944,1223341.1924797057
447.1636,896593.2417715249,1255230.438228475
480.92316,1231585.4200975583,879726.7879024418
500.19666,870076.7172431963,1218107.2907568037
482.14526,879102.3985745425,1230743.2894254576
480.56406,1231847.4789647222,879895.6490352778
543.14844,848601.5979318132,1188040.274068187
653.1103,1111067.5124304253,793620.1275695747
650.88214,794734.0012757736,1112627.430724226
542.62897,1188404.3922828813,848860.8437171188
489.20758,1225799.658962944,875571.2450370559
465.38147,887484.3955092538,1242477.8404907458
551.1585,1182433.9714927431,844595.8285072569
588.1446,826102.8247350389,1156543.655264961
570.7614,834794.5590093872,1168711.760990613
513.8701,863240.0289600396,1208535.8510399603
446.69733,896826.4928161085,1255556.7111838912
578.67,830844.3266353476,1163171.6733646523
466.48468,1241705.0280046235,886933.3559953764
456.78394,891783.0561780129,1248496.215821987
488.1528,876098.6715872602,1226537.9684127397
463.2588,888545.6431894205,1243963.7968105795
438.3241,1261417.3065810686,901013.7734189315
472.07953,1237789.207108039,884135.3568919612
545.38275,847483.6422296315,1186477.0577703684
539.1197,1190861.137477607,850615.2225223932
563.55444,838397.9050352564,1173756.7669647436
478.1282,1233555.193263798,881110.9667362019
465.2005,1242604.5976628615,887574.8023371384
520.9145,1203604.5935254337,859718.0064745664
498.93137,870709.4054938995,1218992.9505061004
492.54373,873903.2187766576,1223464.3052233425
513.08795,1209083.3408742375,863631.1191257623
574.8368,1165859.1622418412,832756.6777581589
504.42798,867961.4781996994,1215144.9458003007
524.84235,1200855.0468768557,857754.1331231442
570.41034,1168957.7157396614,834969.8762603386
566.3538,1171796.561012695,836998.8789873049
467.73615,886307.0971341791,1240829.522865821
527.38116,1199078.0508499201,856484.5571500801
493.98853,1222452.8511999543,873180.9128000452
563.0011,838674.8181893298,1174143.8618106702
510.7378,864806.1516928651,1210728.488307135
604.8893,817730.3745686344,1144822.4654313657
487.74304,876303.538915707,1226824.8130842925
554.64685,842851.6076042722,1179992.1723957276
528.54114,855904.5061971482,1198266.125802852
561.6179,1175112.4398563504,839366.0801436496
518.24365,861053.5596638822,1205474.0603361179
534.5289,852910.5882060255,1194074.7317939745
423.2578,908546.1443643322,1271964.4956356678
610.43207,1140942.2544940296,814959.2615059706
575.3795,832485.895728945,1165478.704271055
502.33038,869009.8462975805,1216613.6977024195
551.3892,844480.4277381288,1182272.532261871
537.5816,1191937.7930427606,851384.2869572393
591.4042,1154262.0156575975,824472.9443424025
542.3955,1188568.0291808427,848977.3708191571
496.02698,872161.5522918741,1221026.0717081258
527.83997,1198756.873401584,856255.162598416
436.43484,901957.6374925186,1262740.5545074814
438.14935,901100.4845281476,1261540.2954718524
478.6732,1233173.7266207451,880838.433379255
471.45825,1238224.1549607364,884445.9450392635
434.7054,1263951.1473233884,902822.3726766116
431.65326,904348.3993208666,1266087.6886791335
541.16766,849591.2296657435,1189427.5783342565
579.24493,830552.6488338097,1162773.4351661904
559.8937,840228.2071915934,1176319.3528084066
471.02295,1238528.8916303534,884663.5683696463
494.7602,872794.9736750277,1221912.7863249723
537.9808,851184.6368012113,1191658.4031987886
506.9686,866691.5076087493,1213366.1723912507
581.65576,829347.2135765719,1161085.874423428
567.7409,1170826.2964128968,836304.6235871032
529.1186,1197861.8980878105,855615.7819121894
449.59552,1253528.0869281217,895377.2890718778
497.51755,871416.2510051811,1219982.6889948188
459.82474,1246367.3632038296,890262.9487961703
483.24707,878551.5086854682,1229972.0073145316
519.3546,1204696.5205858645,860497.9594141354
468.92825,885710.9315730921,1239995.168426908
443.28662,898531.7286123045,1257944.3273876952
507.32812,866510.9667809613,1213115.2892190386
529.68335,855333.3528499801,1197466.6271500199
480.80106,879774.5028968923,1231684.2251031077
589.0333,825658.4098063536,1155921.6301936463
568.75226,835798.8939899788,1170118.3940100211
571.08856,1168482.8669912857,834630.861008714
444.27454,1257252.7218698105,898037.8301301893
503.9756,868187.3057654276,1215461.9742345724
528.5915,855879.3138356259,1198230.8861643742
447.4619,1255018.8742815368,896446.8457184635
523.0443,858652.9876391985,1202113.8523608013
534.966,852693.590873335,1193767.209126665
511.54922,864400.4716475792,1210160.4643524208
426.3668,906991.6315594206,1269788.2084405795
459.42896,890460.5553815583,1246644.6926184418
567.77795,1170800.1828316036,836286.2771683964
513.0418,1209115.6646151803,863654.1753848195
455.8576,892246.2693985695,1249144.6106014305
445.08932,897630.5532750284,1256682.2627249716
491.268,874541.2008052958,1224357.199194704
445.58218,897384.293052688,1256337.0909473118
503.7659,868292.1174593623,1215608.8025406378
498.66843,870843.4758023703,1219174.4081976297
479.83957,880255.2814541089,1232357.234545891
431.0806,904634.7825949695,1266488.4974050305
608.3001,1142434.7180340241,816025.1619659759
550.3839,1182976.2374998645,844983.0825001356
511.181,864584.5292490416,1210418.2707509582
503.90735,868221.4044948898,1215509.7755051102
489.67084,1225475.2028719157,875339.7891280842
477.72687,881311.6365438855,1233836.1194561145
534.6858,852832.1530025451,1193964.8869974548
505.5866,867381.7275813881,1214334.3524186118
499.7209,1218440.3044927896,870314.6155072105
524.046,858152.0255720597,1201412.7744279401
493.6789,1222669.7231497732,873335.596850227
452.69028,1251361.7405011829,893829.9234988173
542.7996,1188285.2128267146,848775.2671732852
566.41254,836968.7757284361,1171756.1762715639
603.43097,1145842.9819357984,818459.8540642016
461.20395,889573.0475108001,1245402.2124891996
306.36823,966990.9940679626,1353787.1299320376
384.43405,927958.0183323768,1299141.121667623
507.1439,866603.1896931677,1213244.1303068325
447.57184,896389.1123967173,1254944.6796032828
473.3146,1236924.6865920778,883517.7934079221
452.6206,893864.7773539741,1251410.5026460255
422.5494,908900.3325922505,1272460.3874077497
446.1511,897099.5098877979,1255939.170112202
519.26495,1204759.4847089294,860542.5752910703
451.61084,894369.7074776448,1252117.284522355
448.44406,1254334.010529099,895953.1174709009
554.1665,843093.7052229615,1180326.4947770382
544.8418,1186855.1389137742,847754.7010862252
543.7203,848314.8920186765,1187640.7479813234
575.4164,832467.0190011675,1165453.3009988326
500.9419,1217584.045719353,869705.6742806471
504.0448,868152.6610639142,1215413.5789360853
469.36765,885491.2563393856,1239687.5636606147
529.73804,1197427.6625179166,855306.6894820833
466.30856,887020.7776504274,1241828.9503495726
496.47437,871937.8440486316,1220712.9119513682
497.2896,871530.2353871437,1220142.2446128563
410.89517,1280618.2776452738,914727.5183547265
502.49655,1216497.3660558714,868926.7739441285
666.40076,786975.2664976075,1101763.8215023926
581.0239,1161528.2353372036,829663.0846627966
463.63953,1243697.2217564608,888355.3422435392
432.7009,903824.6097502793,1265354.3102497207
529.01514,855667.4763094357,1197934.3556905645
449.92722,1253295.907943328,895211.4280566717
502.6484,868851.0878374075,1216390.8321625926
357.41986,941465.2104155408,1318050.9575844589
438.2448,901052.6254606592,1261473.6145393408
458.0752,891137.4560083515,1247592.3039916484
477.78397,881283.1001033374,1233796.1358966627
447.3408,896504.7122765408,1255106.327723459
586.73596,826807.0646396846,1157529.7833603155
560.99994,839675.146083846,1175544.925916154
476.89813,881725.9636632219,1234416.2803367781
481.64975,1231090.1403415292,879350.1596584705
573.08777,833631.1418602591,1167083.5341397403
355.7083,942320.8722017,1319249.1677982998
513.993,863179.9215121078,1208448.478487892
481.6134,879368.3275668581,1231115.592433142
549.0444,1183913.8793495412,845652.8406504592
470.8325,884758.7764301292,1238662.223569871
456.6061,891872.155679637,1248620.524320363
519.5184,860415.8486187712,1204582.071381229
506.10974,867120.1484571323,1213968.1635428679
367.87463,936237.8147735099,1310732.6292264904
558.0238,1177628.1539453748,841163.2860546251
405.35373,917498.1700771982,1284497.353922802
432.2504,904049.8460785821,1265669.673921418
391.8287,924261.0190301895,1293964.5409698104
540.4685,1189917.0032511074,849940.7967488925
495.4902,1221401.7715731782,872429.9884268218
510.58447,864882.8032412318,1210835.832758768
554.1667,1180328.2700823015,843091.6899176984
499.75098,870299.6368831763,1218419.1871168236
529.67236,1197474.1696241787,855338.9983758214
452.58063,1251438.1784359282,893885.0655640718
480.15842,880095.8312605114,1232134.0647394883
546.4799,846935.1042955114,1185709.0157044888
497.2286,871561.0389714576,1220184.6410285423
525.6564,857346.8453400143,1200285.4746599859
431.91824,904215.9649777517,1265902.147022248
592.47986,823935.1189190077,1153509.0490809921
485.0975,877626.9230804627,1228676.0769195373
516.6434,1206594.3901171284,861853.5298828719
470.34805,885001.1095576149,1239001.2304423852
427.61066,1268917.4737729584,906369.734227042
510.38486,864982.6236723698,1210975.5443276302
588.1694,826090.3861076888,1156526.3338923114
506.17743,867086.3224099588,1213920.7615900412
435.08078,902634.6542289556,1263688.4097710445
459.19662,1246807.3050576383,890576.7509423614
580.56793,829891.0884615975,1161847.3955384023
440.60016,899875.5198725627,1259824.2881274375
477.14288,881603.8429525031,1234244.701047497
480.09714,880126.4664627071,1232176.965537293
449.62048,1253510.629065238,895364.7949347617
512.3069,864021.5695681825,1209630.1504318176
450.08463,1253184.810231486,895133.6337685141
441.0755,899637.4477597992,1259491.952240201
516.1521,862099.0646215592,1206938.4153784406
523.46735,1201817.8100600573,858441.3699399427
448.26642,896041.8569172304,1254458.4390827697
467.03873,886655.7037236639,1241317.820276336
452.17715,1251720.9422021466,894086.4777978534
469.06024,885644.9210155312,1239902.7909844685
431.92966,904210.2344213541,1265894.1735786458
504.95322,867698.4187023682,1214777.717297632
501.531,869409.5235297122,1217173.2764702877
507.91605,866217.8790029419,1212702.860997058
452.04224,1251815.1542623893,894154.1577376109
461.2273,889561.4954445637,1245385.7445554363
544.38306,1187176.821426907,847983.5065730925
401.8842,1286925.9807025322,919232.979297468
473.085,883632.5224190896,1237085.47758091
486.79196,876779.0471125206,1227490.6008874793
394.32095,923014.5800330938,1292220.2799669064
656.81085,1108477.0152020247,791769.9647979751
443.27216,898539.092542723,1257954.3154572768
566.72437,836813.0012494408,1171537.754750559
398.4362,920956.9165325033,1289339.6434674966
436.71,901820.0186170125,1262547.9813829877
420.45187,909949.542545581,1273928.2134544188
515.0049,862672.6762892727,1207741.4437107276
372.14832,934100.9121427732,1307741.1038572267
478.63638,880859.0953082487,1233197.2486917514
342.64404,948853.0050163193,1328394.1469836808
442.79752,898777.4527118716,1258285.5232881277
521.88336,1202926.5788979125,859233.3891020872
390.33926,1295007.4757428397,925005.4122571602
422.89264,1272220.0788285732,908728.7531714267
402.8298,1286264.0230078897,918760.2169921101
451.681,894334.5930082063,1252068.2069917934
492.5367,873906.7039066742,1223469.2560933256
489.29135,875529.401579982,1225740.9784200178
523.2762,858536.9285672231,1201951.6314327768
501.78003,1216998.9316906475,869285.0323093523
521.4384,1203238.0745981724,859455.8454018276
444.87836,897735.8464850858,1256830.121514914
477.61917,1233911.1930873406,881365.8029126597
424.57758,907886.2414584956,1271040.6625415043
459.4445,890452.8189430365,1246633.7810569631
628.21436,806067.8877197705,1128494.8802802293
356.33588,942007.097164748,1318809.8468352521
406.2427,917053.6864594994,1283875.0735405006
489.10904,1225868.5997226196,875620.5522773805
461.30832,889521.3482022259,1245328.6677977738
460.0207,1246230.4439716216,890164.7160283781
556.20856,842070.76307266,1178898.96492734
589.7406,1155426.5177131866,825304.7622868135
421.74353,1273023.9901520899,909303.7738479101
482.4861,878931.9845082806,1230504.695491719
459.52145,1246579.9412256747,890414.3187743254
526.409,856970.6201901172,1199758.5798098827
471.56964,1238146.037136844,884390.3948631564
448.2268,896061.6510200852,1254486.1889799149
486.37125,876989.4338742908,1227785.066125709
391.88748,924231.3119705991,1293923.712029401
596.467,821941.664961508,1150717.9350384916
461.9949,889177.7024283032,1244848.417571697
509.17487,865587.5940501178,1211822.561949882
497.54193,1219965.5539410429,871404.1300589573
471.96954,884190.2507270275,1237866.3012729723
527.29803,856526.1695808518,1199136.1944191481
434.43878,1264137.5935516092,902955.8704483907
464.4133,887968.4507312693,1243155.5892687305
449.50345,895423.2986465689,1253592.561353431
392.58084,923887.5042847655,1293435.4877152345
525.92645,857211.982440659,1200096.2775593412
530.4663,1196918.5126238638,854941.9273761362
525.41504,1200454.411060886,857467.5409391142
576.179,1164919.6610288587,832085.538971141
488.23764,876056.261655717,1226478.570344283
602.796,1146287.7354831083,818777.0645168915
480.2485,1232070.9541643574,880050.8458356424
655.5234,1109378.508526042,792413.4114739582
432.6878,1265363.3282330213,903831.3117669786
505.25443,1214566.764738035,867547.9192619651
511.7797,864285.2737233465,1209999.0862766535
421.57947,909385.2973329148,1273139.3386670852
438.7366,1261129.3398905022,900806.7401094979
406.28848,917030.9072628196,1283842.9167371804
391.8967,1293917.2561061992,924226.703893801
471.6102,884369.9613876446,1238117.7986123553
483.79572,1229587.956827052,878277.1791729479
634.1217,803114.1799786716,1124359.780021328
454.53076,892909.7370212009,1250073.3509787992
399.3787,920485.8716132371,1288679.688386763
516.849,1206450.520464277,861750.6795357227
520.0392,1204217.5061614527,860155.4538385472
422.3194,909015.3498132789,1272621.3701867214
421.01746,909666.396785565,1273532.651214435
395.6201,922365.0178250391,1291310.8621749606
429.3083,905520.9065454699,1267729.1334545303
377.5322,931409.1373225815,1303972.2226774185
526.45245,1199728.2070605461,856948.8529394537
433.1016,1265073.838757027,903624.2412429731
490.27954,1225049.2651165212,875035.286883479
381.67633,929338.2266271703,1301070.1773728295
444.70377,1256952.3197549097,897823.1562450896
359.70935,940320.349265086,1316448.4307349138
517.17126,861589.4373363946,1206225.050663605
512.0559,864147.7912616563,1209805.1287383437
476.53104,881909.5805547186,1234673.1714452808
418.49832,910925.8910245791,1275296.124975421
454.5531,892898.5130291076,1250057.7669708922
491.18906,1224412.5311143682,874580.5968856317
435.72256,902313.7465098354,1263239.1814901645
556.60095,1178624.3072708615,841874.5527291383
538.4553,1191326.0910211564,850947.548978843
456.11374,1248965.2558622141,892118.2561377857
492.742,1223325.0120411972,873804.5879588029
467.38733,886481.4456349625,1241073.7583650374
542.8953,1188218.129539178,848727.5104608216
505.95663,867196.9266433049,1214075.1173566952
492.6455,873852.390385009,1223393.0096149908
522.51746,1202482.586861508,858916.4611384919
383.09302,1300079.6867766406,928628.6892233595
430.5253,904912.4305913385,1266877.2094086616
522.68176,858834.5423205544,1202367.3456794457
460.33395,1246010.9511879587,890008.3088120413
489.31024,1225727.7507805463,875519.9612194534
509.30685,865521.8507417284,1211729.9292582716
415.86096,1277142.2882042425,912244.5597957576
451.29993,1252334.7200630212,894525.3639369786
368.35422,1310396.8589771213,935998.0770228787
450.2981,895025.9883147541,1253036.291685246
571.4935,834428.2711375151,1168199.5288624845
431.5965,904376.886130741,1266127.313869259
480.0749,880137.7066158382,1232192.413384162
450.5124,894918.9817041989,1252886.1382958011
576.40845,1164759.033209371,831970.8267906291
488.1914,876079.4509511171,1226510.8690488832
440.89075,899729.675980293,1259621.4240197071
506.34534,867002.3488458528,1213803.2431541472
416.38043,911984.8853851337,1276778.5986148664
434.95013,1263779.7485688399,902700.0954311604
332.93973,1335186.4225621503,953705.9014378496
569.51636,835416.8671980104,1169583.5008019896
420.7549,909797.5839309386,1273716.5360690614
433.93726,903206.4307664266,1264488.8572335732
563.1158,838617.1827321474,1174063.8572678526
523.9043,858222.8895610019,1201511.9504389975
494.05658,873146.802368449,1222405.301631551
419.1909,910579.7113507752,1274811.208649225
569.5338,1169571.1819404953,835408.2580595042
514.0485,1208410.9037181512,863150.8962818488
365.21042,937569.8039743985,1312597.6920256016
412.44714,913951.4609041535,1279531.9710958467
498.41125,870969.6652224516,1219356.8347775482
456.03107,1249022.9539698982,892159.7620301017
470.75418,884797.9472993878,1238717.0367006122
394.2232,1292288.7307252937,923063.4292747064
407.2583,916546.7531319472,1283163.2868680528
398.67078,1289175.3980862752,920839.6659137247
461.08386,1245486.1870717725,889633.1809282275
380.2423,930053.8963587717,1302075.3436412285
438.3391,1261407.4763159417,901005.6036840583
506.37024,1213785.7878062509,866989.9241937493
408.4499,916009.2507240204,1282270.8692759797
471.59647,884376.8361617264,1238127.3998382739
460.6904,889829.8903047114,1245761.6296952886
416.27625,912036.9146062728,1276851.585393727
409.2646,915542.74468109,1281759.7353189099
490.6739,874838.2023347622,1224773.117665238
503.35867,868495.6904294529,1215893.905570547
560.5175,839916.2988823123,1175882.7011176876
474.44098,882954.6014477793,1236136.2225522206
502.17923,869085.4408781861,1216719.483121814
473.4734,883438.4951155944,1236813.424884406
471.11737,884616.3474666119,1238462.808533388
451.7233,894313.4933464966,1252038.5466535029
511.2504,864549.8791549685,1210369.6408450315
522.2637,1202660.376187122,859043.1838128781
441.38925,1259272.0880290645,899480.8119709354
557.7499,841300.1040469143,1177820.0159530859
499.15573,1218835.8798775151,870597.2441224848
403.59616,918376.987406393,1285727.620593607
525.34247,857503.8026322392,1200505.2333677607
472.30005,1237634.8365832935,884025.1034167067
433.61765,903366.2089790327,1264712.6110209674
406.1827,917083.7153528696,1283917.0446471304
437.84064,901254.7663152125,1261756.4656847876
440.35,900000.0536722861,1259999.946327714
541.6409,1189096.2754252239,849354.6445747763
434.8804,902734.9338484232,1263828.5861515768
541.1616,1189431.8494963096,849594.2305036903
409.5028,1281592.9592742205,915423.6807257796
445.9026,1256112.9915616042,897223.8884383958
407.3995,1283065.2689278685,916475.3310721316
494.46768,872941.1896701618,1222117.594329838
423.27383,908538.2130302542,1271953.1909697459
461.75336,889298.7309415556,1245017.2370584444
504.15186,868099.0978170148,1215338.6701829853
432.0535,904148.4603531476,1265807.3396468526
516.9472,1206381.722008932,861701.6379910681
429.81256,1267376.1168619562,905268.8111380436
548.8584,845745.8743098943,1184044.045690106
365.48608,937432.0290802739,1312404.6749197259
417.65695,911346.6341178662,1275885.025882134
430.8476,1266651.6290600528,904751.250939947
446.16232,897093.884098878,1255931.331901122
399.00586,920672.1260177661,1288940.8419822338
632.25,804050.0644019521,1125669.935598048
459.3551,890497.540039668,1246696.3399603318
510.9361,864706.9877364364,1210589.6922635636
461.8702,889239.9377364237,1244935.8222635763
427.7669,906293.2173924053,1268806.502607595
514.112,863119.0899164667,1208366.5100835331
497.02045,871665.3285215955,1220330.1314784044
337.72656,951311.7711463867,1331836.3568536134
520.0281,860160.9866356202,1204225.2933643796
439.077,1260890.9449094885,900636.6550905114
585.12585,827612.1448007859,1158656.835199214
392.43616,1293539.6070909994,923957.0009090006
457.17682,891586.6431958637,1248221.172804136
503.06177,868644.1640413936,1216101.7119586065
418.94235,1274985.277050198,910703.9029498018
428.1325,1268552.0652664278,906108.9347335721
413.15228,913598.9713342326,1279038.2926657675
402.68915,918830.4606073787,1286362.5593926213
509.96518,865193.3807009,1211268.4032991
454.23645,893056.8689535108,1250279.3910464894
414.69836,912826.0671497077,1277955.9008502923
450.39313,1252969.7363848812,894978.5076151189
450.71085,1252747.2959661796,894819.6840338204
341.0307,949659.7075919071,1329523.452408093
298.07486,971137.611930574,1359592.5560694258
397.396,921477.8263840753,1290066.9736159248
348.86707,945741.5212395522,1324037.9947604479
558.8597,1177043.1604458631,840745.199554137
399.49277,920428.6760122061,1288599.9999877939
497.21973,871565.4601956428,1220190.8638043571
487.59586,876377.1953434207,1226927.772656579
363.69513,938327.4646744349,1313658.3793255654
400.90796,919721.2864943607,1287609.1615056396
406.86298,916743.5475070118,1283440.8764929883
326.04013,957155.0212961093,1340016.8227038907
488.1558,876097.1318466695,1226535.9081533304
494.54257,872903.7760301953,1222065.1399698046
351.05792,1322504.2938694763,944646.202130524
370.30695,935021.6047208968,1309030.0552791033
445.8069,1256180.1101597918,897271.6098402084
384.75195,927799.2030308109,1298918.4569691892
440.25357,900048.2563587248,1260067.4596412752
481.35925,879496.2811494905,1231292.6188505094
392.10248,924123.8718161717,1293773.1521838284
504.9303,1214793.63130054,867710.0086994601
511.12186,1210459.6659540394,864614.1020459606
524.916,1200803.7449647514,857717.0550352484
461.28384,889533.2487206378,1245346.1432793622
438.53156,900909.295704701,1261272.832295299
369.15356,935598.3220726503,1309837.4059273496
457.44144,1248035.8520730324,891454.4199269674
473.91946,1236501.132802392,883215.5151976079
515.40936,1207458.2029475116,862470.5650524885
439.42972,900460.1745975977,1260644.161402402
500.25555,1218066.0745289032,870047.2654710962
396.52344,1290678.5205336271,921913.3514663728
464.13425,888107.9025247137,1243350.997475286
452.54892,1251460.6565995833,893900.6394004164
475.80908,882270.4971771764,1235178.6068228234
476.78116,1234498.1410297973,881784.466970203
463.69614,888327.1381220014,1243657.4938779986
413.13043,913609.8161924848,1279053.6678075152
488.4757,875937.3049785796,1226311.8550214202
467.311,1241126.9299997455,886519.8700002546
591.1937,1154409.252031932,824578.3079680679
362.64096,1314396.155007069,938854.692992931
491.56973,874390.2812436883,1224146.0427563118
402.05276,919148.8413928674,1286807.8466071326
395.49875,922425.701457049,1291395.7985429508
490.24545,875052.5207626589,1225072.939237341
524.6005,857875.1717141808,1201024.2282858193
482.647,1230392.0211301367,878851.5788698633
467.66507,1240879.4091524908,886342.5068475092
443.94217,898204.0228270248,1257485.3731729751
525.4168,857466.6946983165,1200453.1453016833
572.3749,833987.6766074451,1167582.443392555
518.1473,861101.404002781,1205541.8359972183
532.2079,1195699.4209845406,854071.0990154597
369.19,1309811.82703971,935580.1729602899
531.4501,1196229.6070062413,854450.2729937586
433.30682,903521.6867255091,1264930.1292744908
377.6751,931337.5056832142,1303872.374316786
436.94653,901701.8209694484,1262382.3430305517
416.8775,911736.3963377571,1276430.6036622429
515.3015,862525.4384659759,1207532.7615340238
475.70096,1235254.2134428243,882324.6345571752
442.70618,898821.9664992981,1258350.6175007017
421.29086,909529.635621644,1273341.3323783558
367.1311,936609.4997579068,1311253.1802420933
472.68146,883834.3202575482,1237367.9277424517
485.24026,1228576.70576624,877554.9822337597
483.44498,1229833.4371367309,878452.5868632692
499.8585,870246.7564471916,1218343.0435528082
436.34406,1262804.1235109535,902003.0044890466
355.39612,1319467.2630445666,942477.3929554335
523.55725,858396.4065849975,1201754.8934150026
428.93457,905708.9559288966,1267989.5600711035
465.71237,1242246.2640210693,887318.8919789307
345.99127,1326051.0365804876,947179.4394195123
383.1187,928615.6825073123,1300061.8774926877
391.39963,1294265.132255086,924475.311744914
450.17557,1253121.9374159586,895087.3785840411
552.5152,1181484.2314595617,843917.5285404379
